-e Preparing directories for build...
-e Directories are successfully prepared
make[1]: Entering directory '/home/hpe/o-du-l2/build/odu'
-e Compiling [31m[1m /home/hpe/o-du-l2/src/nfapi/open-nFAPI/nfapi/src/nfapi.c [m
-e Compiling [31m[1m /home/hpe/o-du-l2/src/nfapi/open-nFAPI/nfapi/src/nfapi_p4.c [m
-e Compiling [31m[1m /home/hpe/o-du-l2/src/nfapi/open-nFAPI/nfapi/src/nfapi_p5.c [m
-e Compiling [31m[1m /home/hpe/o-du-l2/src/nfapi/open-nFAPI/nfapi/src/nfapi_p7.c [m
/home/hpe/o-du-l2/src/nfapi/open-nFAPI/nfapi/src/nfapi.c: In function ‘pack_dci_payload’:
/home/hpe/o-du-l2/src/nfapi/open-nFAPI/nfapi/src/nfapi.c:551:11: warning: unused variable ‘dci_bytes_inverted’ [-Wunused-variable]
  551 |   uint8_t dci_bytes_inverted[DCI_PAYLOAD_BYTE_LEN] = {0};
      |           ^~~~~~~~~~~~~~~~~~
/home/hpe/o-du-l2/src/nfapi/open-nFAPI/nfapi/src/nfapi.c: In function ‘unpack_dci_payload’:
/home/hpe/o-du-l2/src/nfapi/open-nFAPI/nfapi/src/nfapi.c:573:11: warning: unused variable ‘dci_bytes_inverted’ [-Wunused-variable]
  573 |   uint8_t dci_bytes_inverted[DCI_PAYLOAD_BYTE_LEN] = {0};
      |           ^~~~~~~~~~~~~~~~~~
/home/hpe/o-du-l2/src/nfapi/open-nFAPI/nfapi/src/nfapi_p5.c: In function ‘pack_nr_config_request’:
/home/hpe/o-du-l2/src/nfapi/open-nFAPI/nfapi/src/nfapi_p5.c:1135:9: warning: value computed is not used [-Wunused-value]
 1135 |         && push16(0, ppWritePackedMsg, end); // Padding
      |         ^~
/home/hpe/o-du-l2/src/nfapi/open-nFAPI/nfapi/src/nfapi_p5.c:1144:9: warning: value computed is not used [-Wunused-value]
 1144 |         && push16(0, ppWritePackedMsg, end); // Padding
      |         ^~
/home/hpe/o-du-l2/src/nfapi/open-nFAPI/nfapi/src/nfapi_p5.c:1153:9: warning: value computed is not used [-Wunused-value]
 1153 |         && push16(0, ppWritePackedMsg, end); // Padding
      |         ^~
/home/hpe/o-du-l2/src/nfapi/open-nFAPI/nfapi/src/nfapi_p5.c:1162:9: warning: value computed is not used [-Wunused-value]
 1162 |         && push16(0, ppWritePackedMsg, end); // Padding
      |         ^~
/home/hpe/o-du-l2/src/nfapi/open-nFAPI/nfapi/src/nfapi_p5.c:1169:57: warning: format ‘%lu’ expects argument of type ‘long unsigned int’, but argument 3 has type ‘uint32_t’ {aka ‘unsigned int’} [-Wformat=]
 1169 |         printf("\n[NFAPI P5]  ->  TAG 0x%x with value %lu and length %ld", tlv.tl.tag, tlv.value, tlv.tl.length);
      |                                                       ~~^                              ~~~~~~~~~
      |                                                         |                                 |
      |                                                         long unsigned int                 uint32_t {aka unsigned int}
      |                                                       %u
/home/hpe/o-du-l2/src/nfapi/open-nFAPI/nfapi/src/nfapi_p5.c:1169:72: warning: format ‘%ld’ expects argument of type ‘long int’, but argument 4 has type ‘int’ [-Wformat=]
 1169 |         printf("\n[NFAPI P5]  ->  TAG 0x%x with value %lu and length %ld", tlv.tl.tag, tlv.value, tlv.tl.length);
      |                                                                      ~~^                          ~~~~~~~~~~~~~
      |                                                                        |                                |
      |                                                                        long int                         int
      |                                                                      %d
/home/hpe/o-du-l2/src/nfapi/open-nFAPI/nfapi/src/nfapi_p5.c:1174:57: warning: format ‘%lu’ expects argument of type ‘long unsigned int’, but argument 3 has type ‘uint32_t’ {aka ‘unsigned int’} [-Wformat=]
 1174 |         printf("\n[NFAPI P5]  ->  TAG 0x%x with value %lu and length %ld", tlv.tl.tag, tlv.value, tlv.tl.length);
      |                                                       ~~^                              ~~~~~~~~~
      |                                                         |                                 |
      |                                                         long unsigned int                 uint32_t {aka unsigned int}
      |                                                       %u
/home/hpe/o-du-l2/src/nfapi/open-nFAPI/nfapi/src/nfapi_p5.c:1174:72: warning: format ‘%ld’ expects argument of type ‘long int’, but argument 4 has type ‘int’ [-Wformat=]
 1174 |         printf("\n[NFAPI P5]  ->  TAG 0x%x with value %lu and length %ld", tlv.tl.tag, tlv.value, tlv.tl.length);
      |                                                                      ~~^                          ~~~~~~~~~~~~~
      |                                                                        |                                |
      |                                                                        long int                         int
      |                                                                      %d
/home/hpe/o-du-l2/src/nfapi/open-nFAPI/nfapi/src/nfapi_p5.c:1179:57: warning: format ‘%lu’ expects argument of type ‘long unsigned int’, but argument 3 has type ‘uint32_t’ {aka ‘unsigned int’} [-Wformat=]
 1179 |         printf("\n[NFAPI P5]  ->  TAG 0x%x with value %lu and length %ld", tlv.tl.tag, tlv.value, tlv.tl.length);
      |                                                       ~~^                              ~~~~~~~~~
      |                                                         |                                 |
      |                                                         long unsigned int                 uint32_t {aka unsigned int}
      |                                                       %u
/home/hpe/o-du-l2/src/nfapi/open-nFAPI/nfapi/src/nfapi_p5.c:1179:72: warning: format ‘%ld’ expects argument of type ‘long int’, but argument 4 has type ‘int’ [-Wformat=]
 1179 |         printf("\n[NFAPI P5]  ->  TAG 0x%x with value %lu and length %ld", tlv.tl.tag, tlv.value, tlv.tl.length);
      |                                                                      ~~^                          ~~~~~~~~~~~~~
      |                                                                        |                                |
      |                                                                        long int                         int
      |                                                                      %d
/home/hpe/o-du-l2/src/nfapi/open-nFAPI/nfapi/src/nfapi_p5.c:1184:16: warning: too many arguments for format [-Wformat-extra-args]
 1184 |         printf("\n[NFAPI P5]  ->==============================================", __FUNCTION__);
      |                ^~~~~~~~~~~~~~~~~~~~~~~~~~~~~~~~~~~~~~~~~~~~~~~~~~~~~~~~~~~~~~~~
/home/hpe/o-du-l2/src/nfapi/open-nFAPI/nfapi/src/nfapi_p5.c: In function ‘unpack_nr_param_response’:
/home/hpe/o-du-l2/src/nfapi/open-nFAPI/nfapi/src/nfapi_p5.c:2520:12: warning: unused variable ‘ptr’ [-Wunused-variable]
 2520 |   uint8_t *ptr = *ppReadPackedMsg;
      |            ^~~
/home/hpe/o-du-l2/src/nfapi/open-nFAPI/nfapi/src/nfapi_p5.c: In function ‘nfapi_nr_p5_message_unpack’:
/home/hpe/o-du-l2/src/nfapi/open-nFAPI/nfapi/src/nfapi_p5.c:3405:12: warning: unused variable ‘ptr’ [-Wunused-variable]
 3405 |   uint8_t *ptr = pReadPackedMessage;
      |            ^~~
-e Creating Archive [31m[1m /home/hpe/o-du-l2/build/odu/lib/odu/libnfapi.a [m
make[1]: Leaving directory '/home/hpe/o-du-l2/build/odu'
make[1]: Entering directory '/home/hpe/o-du-l2/build/odu'
-e Compiling [31m[1m /home/hpe/o-du-l2/src/nfapi/open-nFAPI/common/src/debug.c [m
-e Compiling [31m[1m /home/hpe/o-du-l2/src/nfapi/open-nFAPI/common/src/queue_t.c [m
-e Creating Archive [31m[1m /home/hpe/o-du-l2/build/odu/lib/odu/libnfapi_common.a [m
make[1]: Leaving directory '/home/hpe/o-du-l2/build/odu'
make[1]: Entering directory '/home/hpe/o-du-l2/build/odu'
-e Compiling [31m[1m /home/hpe/o-du-l2/src/nfapi/open-nFAPI/vnf/src/vnf.c [m
-e Compiling [31m[1m /home/hpe/o-du-l2/src/nfapi/open-nFAPI/vnf/src/vnf_interface.c [m
-e Compiling [31m[1m /home/hpe/o-du-l2/src/nfapi/open-nFAPI/vnf/src/vnf_p7.c [m
-e Compiling [31m[1m /home/hpe/o-du-l2/src/nfapi/open-nFAPI/vnf/src/vnf_p7_interface.c [m
/home/hpe/o-du-l2/src/nfapi/open-nFAPI/vnf/src/vnf_interface.c: In function ‘nfapi_nr_vnf_start’:
/home/hpe/o-du-l2/src/nfapi/open-nFAPI/vnf/src/vnf_interface.c:152:31: warning: declaration of ‘events’ shadows a previous local [-Wshadow]
  152 |   struct sctp_event_subscribe events;
      |                               ^~~~~~
/home/hpe/o-du-l2/src/nfapi/open-nFAPI/vnf/src/vnf_interface.c:86:30: note: shadowed declaration is here
   86 |  struct sctp_event_subscribe events;
      |                              ^~~~~~
/home/hpe/o-du-l2/src/nfapi/open-nFAPI/vnf/src/vnf_interface.c:265:28: warning: declaration of ‘pnf’ shadows a previous local [-Wshadow]
  265 |      nfapi_vnf_pnf_info_t* pnf = (nfapi_vnf_pnf_info_t*)malloc(sizeof(nfapi_vnf_pnf_info_t));
      |                            ^~~
/home/hpe/o-du-l2/src/nfapi/open-nFAPI/vnf/src/vnf_interface.c:225:25: note: shadowed declaration is here
  225 |   nfapi_vnf_pnf_info_t* pnf = config->pnf_list;
      |                         ^~~
/home/hpe/o-du-l2/src/nfapi/open-nFAPI/vnf/src/vnf_interface.c:311:27: warning: declaration of ‘pnf’ shadows a previous local [-Wshadow]
  311 |     nfapi_vnf_pnf_info_t* pnf = config->pnf_list;
      |                           ^~~
/home/hpe/o-du-l2/src/nfapi/open-nFAPI/vnf/src/vnf_interface.c:225:25: note: shadowed declaration is here
  225 |   nfapi_vnf_pnf_info_t* pnf = config->pnf_list;
      |                         ^~~
/home/hpe/o-du-l2/src/nfapi/open-nFAPI/vnf/src/vnf_interface.c:335:28: warning: declaration of ‘pnf’ shadows a previous local [-Wshadow]
  335 |      nfapi_vnf_pnf_info_t* pnf = config->pnf_list;
      |                            ^~~
/home/hpe/o-du-l2/src/nfapi/open-nFAPI/vnf/src/vnf.c: In function ‘vnf_send_p5_msg’:
/home/hpe/o-du-l2/src/nfapi/open-nFAPI/vnf/src/vnf_interface.c:311:27: note: shadowed declaration is here
  311 |     nfapi_vnf_pnf_info_t* pnf = config->pnf_list;
      |                           ^~~
/home/hpe/o-du-l2/src/nfapi/open-nFAPI/vnf/src/vnf.c:1525:20: warning: cast discards ‘const’ qualifier from pointer target type [-Wcast-qual]
 1525 |  printf(" %02x ", *(uint8_t *)(msg + i));
      |                    ^
/home/hpe/o-du-l2/src/nfapi/open-nFAPI/vnf/src/vnf_interface.c: In function ‘nfapi_vnf_start’:
/home/hpe/o-du-l2/src/nfapi/open-nFAPI/vnf/src/vnf_interface.c:560:31: warning: declaration of ‘events’ shadows a previous local [-Wshadow]
  560 |   struct sctp_event_subscribe events;
      |                               ^~~~~~
/home/hpe/o-du-l2/src/nfapi/open-nFAPI/vnf/src/vnf_interface.c:413:30: note: shadowed declaration is here
  413 |  struct sctp_event_subscribe events;
      |                              ^~~~~~
/home/hpe/o-du-l2/src/nfapi/open-nFAPI/vnf/src/vnf_interface.c:672:28: warning: declaration of ‘pnf’ shadows a previous local [-Wshadow]
  672 |      nfapi_vnf_pnf_info_t* pnf = (nfapi_vnf_pnf_info_t*)malloc(sizeof(nfapi_vnf_pnf_info_t));
      |                            ^~~
/home/hpe/o-du-l2/src/nfapi/open-nFAPI/vnf/src/vnf_interface.c:633:25: note: shadowed declaration is here
  633 |   nfapi_vnf_pnf_info_t* pnf = config->pnf_list;
      |                         ^~~
/home/hpe/o-du-l2/src/nfapi/open-nFAPI/vnf/src/vnf_interface.c:716:27: warning: declaration of ‘pnf’ shadows a previous local [-Wshadow]
  716 |     nfapi_vnf_pnf_info_t* pnf = config->pnf_list;
      |                           ^~~
/home/hpe/o-du-l2/src/nfapi/open-nFAPI/vnf/src/vnf_interface.c:633:25: note: shadowed declaration is here
  633 |   nfapi_vnf_pnf_info_t* pnf = config->pnf_list;
      |                         ^~~
/home/hpe/o-du-l2/src/nfapi/open-nFAPI/vnf/src/vnf_interface.c:740:28: warning: declaration of ‘pnf’ shadows a previous local [-Wshadow]
  740 |      nfapi_vnf_pnf_info_t* pnf = config->pnf_list;
      |                            ^~~
/home/hpe/o-du-l2/src/nfapi/open-nFAPI/vnf/src/vnf_interface.c:716:27: note: shadowed declaration is here
  716 |     nfapi_vnf_pnf_info_t* pnf = config->pnf_list;
      |                           ^~~
/home/hpe/o-du-l2/src/nfapi/open-nFAPI/vnf/src/vnf_p7_interface.c: In function ‘nfapi_nr_vnf_p7_start’:
/home/hpe/o-du-l2/src/nfapi/open-nFAPI/vnf/src/vnf_p7_interface.c:323:48: warning: format ‘%d’ expects argument of type ‘int’, but argument 2 has type ‘nfapi_nr_rach_indication_t *’ {aka ‘struct <anonymous> *’} [-Wformat=]
  323 |    printf("[DEBUG] get_queue rach indication: %d\n", rach_ind);
      |                                               ~^     ~~~~~~~~
      |                                                |     |
      |                                                int   nfapi_nr_rach_indication_t * {aka struct <anonymous> *}
/home/hpe/o-du-l2/src/nfapi/open-nFAPI/vnf/src/vnf_p7_interface.c:327:46: warning: format ‘%d’ expects argument of type ‘int’, but argument 2 has type ‘nfapi_nr_rx_data_indication_t *’ {aka ‘struct <anonymous> *’} [-Wformat=]
  327 |    printf("[DEBUG] get_queue rx indication: %d\n", rx_ind);
      |                                             ~^     ~~~~~~
      |                                              |     |
      |                                              int   nfapi_nr_rx_data_indication_t * {aka struct <anonymous> *}
/home/hpe/o-du-l2/src/nfapi/open-nFAPI/vnf/src/vnf_p7_interface.c:338:48: warning: format ‘%d’ expects argument of type ‘int’, but argument 2 has type ‘nfapi_nr_crc_indication_t *’ {aka ‘struct <anonymous> *’} [-Wformat=]
  338 |     printf("[DEBUG] get_queue crc indication: %d\n", crc_ind);
      |                                               ~^     ~~~~~~~
      |                                                |     |
      |                                                int   nfapi_nr_crc_indication_t * {aka struct <anonymous> *}
/home/hpe/o-du-l2/src/nfapi/open-nFAPI/vnf/src/vnf_p7_interface.c:347:47: warning: format ‘%d’ expects argument of type ‘int’, but argument 2 has type ‘nfapi_nr_uci_indication_t *’ {aka ‘struct <anonymous> *’} [-Wformat=]
  347 |    printf("[DEBUG] get_queue uci indication: %d\n", uci_ind);
      |                                              ~^     ~~~~~~~
      |                                               |     |
      |                                               int   nfapi_nr_uci_indication_t * {aka struct <anonymous> *}
/home/hpe/o-du-l2/src/nfapi/open-nFAPI/vnf/src/vnf_p7_interface.c:299:10: warning: unused variable ‘setup_done’ [-Wunused-variable]
  299 |  uint8_t setup_done = 1;
      |          ^~~~~~~~~~
-e Creating Archive [31m[1m /home/hpe/o-du-l2/build/odu/lib/odu/libnfapi_vnf.a [m
make[1]: Leaving directory '/home/hpe/o-du-l2/build/odu'
make[1]: Entering directory '/home/hpe/o-du-l2/build/odu'
-e Compiling [31m[1m /home/hpe/o-du-l2/src/nfapi/oai_integration/gnb_ind_vars.c [m
-e Compiling [31m[1m /home/hpe/o-du-l2/src/nfapi/oai_integration/nfapi_vnf.c [m
-e Compiling [31m[1m /home/hpe/o-du-l2/src/nfapi/oai_integration/vnf_small_cell_intgr.c [m
/home/hpe/o-du-l2/src/nfapi/oai_integration/nfapi_vnf.c:22: warning: "_GNU_SOURCE" redefined
   22 | #define _GNU_SOURCE
      | 
<command-line>: note: this is the location of the previous definition
/home/hpe/o-du-l2/src/nfapi/oai_integration/nfapi_vnf.c: In function ‘vnf_pack_vendor_extension_tlv’:
/home/hpe/o-du-l2/src/nfapi/oai_integration/nfapi_vnf.c:75:25: warning: declaration of ‘ve’ shadows a parameter [-Wshadow]
   75 |       vendor_ext_tlv_2 *ve = (vendor_ext_tlv_2 *)tlv;
      |                         ^~
/home/hpe/o-du-l2/src/nfapi/oai_integration/nfapi_vnf.c:71:41: note: shadowed declaration is here
   71 | int vnf_pack_vendor_extension_tlv(void *ve, uint8_t **ppWritePackedMsg, uint8_t *end, nfapi_p4_p5_codec_config_t *codec) {
      |                                   ~~~~~~^~
/home/hpe/o-du-l2/src/nfapi/oai_integration/nfapi_vnf.c: In function ‘phy_pack_vendor_extension_tlv’:
/home/hpe/o-du-l2/src/nfapi/oai_integration/nfapi_vnf.c:669:25: warning: declaration of ‘ve’ shadows a parameter [-Wshadow]
  669 |       vendor_ext_tlv_1 *ve = (vendor_ext_tlv_1 *)tlv;
      |                         ^~
/home/hpe/o-du-l2/src/nfapi/oai_integration/nfapi_vnf.c:664:41: note: shadowed declaration is here
  664 | int phy_pack_vendor_extension_tlv(void *ve, uint8_t **ppWritePackedMsg, uint8_t *end, nfapi_p7_codec_config_t *codec) {
      |                                   ~~~~~~^~
/home/hpe/o-du-l2/src/nfapi/oai_integration/nfapi_vnf.c: In function ‘configure_nr_nfapi_vnf’:
/home/hpe/o-du-l2/src/nfapi/oai_integration/nfapi_vnf.c:1085:23: warning: declaration of ‘config’ shadows a global declaration [-Wshadow]
 1085 |   nfapi_vnf_config_t *config = nfapi_vnf_config_create();
      |                       ^~~~~~
/home/hpe/o-du-l2/src/nfapi/oai_integration/nfapi_vnf.c:1055:21: note: shadowed declaration is here
 1055 | nfapi_vnf_config_t *config = 0;
      |                     ^~~~~~
/home/hpe/o-du-l2/src/nfapi/oai_integration/nfapi_vnf.c: In function ‘configure_nfapi_vnf’:
/home/hpe/o-du-l2/src/nfapi/oai_integration/nfapi_vnf.c:1133:23: warning: declaration of ‘config’ shadows a global declaration [-Wshadow]
 1133 |   nfapi_vnf_config_t *config = nfapi_vnf_config_create();
      |                       ^~~~~~
/home/hpe/o-du-l2/src/nfapi/oai_integration/nfapi_vnf.c:1055:21: note: shadowed declaration is here
 1055 | nfapi_vnf_config_t *config = 0;
      |                     ^~~~~~
At top level:
/home/hpe/o-du-l2/src/nfapi/oai_integration/nfapi_vnf.c:1195:13: warning: ‘remove_ul_config_req_pdu’ defined but not used [-Wunused-function]
 1195 | static void remove_ul_config_req_pdu(int index, nfapi_ul_config_request_t *ul_config_req)
      |             ^~~~~~~~~~~~~~~~~~~~~~~~
/home/hpe/o-du-l2/src/nfapi/oai_integration/nfapi_vnf.c:526:13: warning: ‘analyze_cqi_pdus_for_duplicates’ defined but not used [-Wunused-function]
  526 | static void analyze_cqi_pdus_for_duplicates(nfapi_cqi_indication_t *ind)
      |             ^~~~~~~~~~~~~~~~~~~~~~~~~~~~~~~
-e Creating Archive [31m[1m /home/hpe/o-du-l2/build/odu/lib/odu/libnfapi_oai_integration.a [m
make[1]: Leaving directory '/home/hpe/o-du-l2/build/odu'
make[1]: Entering directory '/home/hpe/o-du-l2/build/odu'
-e Compiling [31m[1m /home/hpe/o-du-l2/src/codec_utils/common/ANY_aper.c [m
-e Compiling [31m[1m /home/hpe/o-du-l2/src/codec_utils/common/ANY.c [m
-e Compiling [31m[1m /home/hpe/o-du-l2/src/codec_utils/common/ANY_uper.c [m
-e Compiling [31m[1m /home/hpe/o-du-l2/src/codec_utils/common/ANY_xer.c [m
-e Compiling [31m[1m /home/hpe/o-du-l2/src/codec_utils/common/aper_decoder.c [m
-e Compiling [31m[1m /home/hpe/o-du-l2/src/codec_utils/common/aper_encoder.c [m
-e Compiling [31m[1m /home/hpe/o-du-l2/src/codec_utils/common/aper_opentype.c [m
-e Compiling [31m[1m /home/hpe/o-du-l2/src/codec_utils/common/aper_support.c [m
-e Compiling [31m[1m /home/hpe/o-du-l2/src/codec_utils/common/asn_application.c [m
-e Compiling [31m[1m /home/hpe/o-du-l2/src/codec_utils/common/asn_bit_data.c [m
-e Compiling [31m[1m /home/hpe/o-du-l2/src/codec_utils/common/asn_codecs_prim.c [m
-e Compiling [31m[1m /home/hpe/o-du-l2/src/codec_utils/common/asn_codecs_prim_xer.c [m
-e Compiling [31m[1m /home/hpe/o-du-l2/src/codec_utils/common/asn_internal.c [m
-e Compiling [31m[1m /home/hpe/o-du-l2/src/codec_utils/common/asn_random_fill.c [m
-e Compiling [31m[1m /home/hpe/o-du-l2/src/codec_utils/common/asn_SEQUENCE_OF.c [m
-e Compiling [31m[1m /home/hpe/o-du-l2/src/codec_utils/common/asn_SET_OF.c [m
-e Compiling [31m[1m /home/hpe/o-du-l2/src/codec_utils/common/ber_tlv_length.c [m
-e Compiling [31m[1m /home/hpe/o-du-l2/src/codec_utils/common/ber_tlv_tag.c [m
-e Compiling [31m[1m /home/hpe/o-du-l2/src/codec_utils/common/BIT_STRING.c [m
-e Compiling [31m[1m /home/hpe/o-du-l2/src/codec_utils/common/BIT_STRING_print.c [m
-e Compiling [31m[1m /home/hpe/o-du-l2/src/codec_utils/common/BIT_STRING_rfill.c [m
-e Compiling [31m[1m /home/hpe/o-du-l2/src/codec_utils/common/BIT_STRING_uper.c [m
-e Compiling [31m[1m /home/hpe/o-du-l2/src/codec_utils/common/BIT_STRING_xer.c [m
-e Compiling [31m[1m /home/hpe/o-du-l2/src/codec_utils/common/BOOLEAN_aper.c [m
-e Compiling [31m[1m /home/hpe/o-du-l2/src/codec_utils/common/BOOLEAN.c [m
-e Compiling [31m[1m /home/hpe/o-du-l2/src/codec_utils/common/BOOLEAN_print.c [m
-e Compiling [31m[1m /home/hpe/o-du-l2/src/codec_utils/common/BOOLEAN_rfill.c [m
-e Compiling [31m[1m /home/hpe/o-du-l2/src/codec_utils/common/BOOLEAN_uper.c [m
-e Compiling [31m[1m /home/hpe/o-du-l2/src/codec_utils/common/BOOLEAN_xer.c [m
-e Compiling [31m[1m /home/hpe/o-du-l2/src/codec_utils/common/constraints.c [m
-e Compiling [31m[1m /home/hpe/o-du-l2/src/codec_utils/common/constr_CHOICE_aper.c [m
-e Compiling [31m[1m /home/hpe/o-du-l2/src/codec_utils/common/constr_CHOICE.c [m
-e Compiling [31m[1m /home/hpe/o-du-l2/src/codec_utils/common/constr_CHOICE_print.c [m
-e Compiling [31m[1m /home/hpe/o-du-l2/src/codec_utils/common/constr_CHOICE_rfill.c [m
-e Compiling [31m[1m /home/hpe/o-du-l2/src/codec_utils/common/constr_CHOICE_uper.c [m
-e Compiling [31m[1m /home/hpe/o-du-l2/src/codec_utils/common/constr_CHOICE_xer.c [m
-e Compiling [31m[1m /home/hpe/o-du-l2/src/codec_utils/common/constr_SEQUENCE_aper.c [m
-e Compiling [31m[1m /home/hpe/o-du-l2/src/codec_utils/common/constr_SEQUENCE.c [m
-e Compiling [31m[1m /home/hpe/o-du-l2/src/codec_utils/common/constr_SEQUENCE_OF_aper.c [m
-e Compiling [31m[1m /home/hpe/o-du-l2/src/codec_utils/common/constr_SEQUENCE_OF.c [m
-e Compiling [31m[1m /home/hpe/o-du-l2/src/codec_utils/common/constr_SEQUENCE_OF_uper.c [m
-e Compiling [31m[1m /home/hpe/o-du-l2/src/codec_utils/common/constr_SEQUENCE_OF_xer.c [m
-e Compiling [31m[1m /home/hpe/o-du-l2/src/codec_utils/common/constr_SEQUENCE_print.c [m
-e Compiling [31m[1m /home/hpe/o-du-l2/src/codec_utils/common/constr_SEQUENCE_rfill.c [m
-e Compiling [31m[1m /home/hpe/o-du-l2/src/codec_utils/common/constr_SEQUENCE_uper.c [m
-e Compiling [31m[1m /home/hpe/o-du-l2/src/codec_utils/common/constr_SEQUENCE_xer.c [m
-e Compiling [31m[1m /home/hpe/o-du-l2/src/codec_utils/common/constr_SET_OF_aper.c [m
-e Compiling [31m[1m /home/hpe/o-du-l2/src/codec_utils/common/constr_SET_OF.c [m
-e Compiling [31m[1m /home/hpe/o-du-l2/src/codec_utils/common/constr_SET_OF_print.c [m
-e Compiling [31m[1m /home/hpe/o-du-l2/src/codec_utils/common/constr_SET_OF_rfill.c [m
-e Compiling [31m[1m /home/hpe/o-du-l2/src/codec_utils/common/constr_SET_OF_uper.c [m
-e Compiling [31m[1m /home/hpe/o-du-l2/src/codec_utils/common/constr_SET_OF_xer.c [m
-e Compiling [31m[1m /home/hpe/o-du-l2/src/codec_utils/common/constr_TYPE.c [m
-e Compiling [31m[1m /home/hpe/o-du-l2/src/codec_utils/common/ENUMERATED_aper.c [m
-e Compiling [31m[1m /home/hpe/o-du-l2/src/codec_utils/common/ENUMERATED.c [m
-e Compiling [31m[1m /home/hpe/o-du-l2/src/codec_utils/common/ENUMERATED_uper.c [m
-e Compiling [31m[1m /home/hpe/o-du-l2/src/codec_utils/common/GraphicString.c [m
-e Compiling [31m[1m /home/hpe/o-du-l2/src/codec_utils/common/INTEGER_aper.c [m
-e Compiling [31m[1m /home/hpe/o-du-l2/src/codec_utils/common/INTEGER.c [m
-e Compiling [31m[1m /home/hpe/o-du-l2/src/codec_utils/common/INTEGER_print.c [m
-e Compiling [31m[1m /home/hpe/o-du-l2/src/codec_utils/common/INTEGER_rfill.c [m
-e Compiling [31m[1m /home/hpe/o-du-l2/src/codec_utils/common/INTEGER_uper.c [m
-e Compiling [31m[1m /home/hpe/o-du-l2/src/codec_utils/common/INTEGER_xer.c [m
-e Compiling [31m[1m /home/hpe/o-du-l2/src/codec_utils/common/NativeEnumerated_aper.c [m
-e Compiling [31m[1m /home/hpe/o-du-l2/src/codec_utils/common/NativeEnumerated.c [m
-e Compiling [31m[1m /home/hpe/o-du-l2/src/codec_utils/common/NativeEnumerated_uper.c [m
-e Compiling [31m[1m /home/hpe/o-du-l2/src/codec_utils/common/NativeEnumerated_xer.c [m
-e Compiling [31m[1m /home/hpe/o-du-l2/src/codec_utils/common/NativeInteger_aper.c [m
-e Compiling [31m[1m /home/hpe/o-du-l2/src/codec_utils/common/NativeInteger.c [m
-e Compiling [31m[1m /home/hpe/o-du-l2/src/codec_utils/common/NativeInteger_print.c [m
-e Compiling [31m[1m /home/hpe/o-du-l2/src/codec_utils/common/NativeInteger_rfill.c [m
-e Compiling [31m[1m /home/hpe/o-du-l2/src/codec_utils/common/NativeInteger_uper.c [m
-e Compiling [31m[1m /home/hpe/o-du-l2/src/codec_utils/common/NativeInteger_xer.c [m
-e Compiling [31m[1m /home/hpe/o-du-l2/src/codec_utils/common/NativeReal_aper.c [m
-e Compiling [31m[1m /home/hpe/o-du-l2/src/codec_utils/common/NativeReal.c [m
-e Compiling [31m[1m /home/hpe/o-du-l2/src/codec_utils/common/NativeReal_print.c [m
-e Compiling [31m[1m /home/hpe/o-du-l2/src/codec_utils/common/NativeReal_rfill.c [m
-e Compiling [31m[1m /home/hpe/o-du-l2/src/codec_utils/common/NativeReal_uper.c [m
-e Compiling [31m[1m /home/hpe/o-du-l2/src/codec_utils/common/NativeReal_xer.c [m
-e Compiling [31m[1m /home/hpe/o-du-l2/src/codec_utils/common/NULL_aper.c [m
-e Compiling [31m[1m /home/hpe/o-du-l2/src/codec_utils/common/NULL.c [m
-e Compiling [31m[1m /home/hpe/o-du-l2/src/codec_utils/common/NULL_print.c [m
-e Compiling [31m[1m /home/hpe/o-du-l2/src/codec_utils/common/NULL_rfill.c [m
-e Compiling [31m[1m /home/hpe/o-du-l2/src/codec_utils/common/NULL_uper.c [m
-e Compiling [31m[1m /home/hpe/o-du-l2/src/codec_utils/common/NULL_xer.c [m
-e Compiling [31m[1m /home/hpe/o-du-l2/src/codec_utils/common/ObjectDescriptor.c [m
-e Compiling [31m[1m /home/hpe/o-du-l2/src/codec_utils/common/OBJECT_IDENTIFIER.c [m
-e Compiling [31m[1m /home/hpe/o-du-l2/src/codec_utils/common/OBJECT_IDENTIFIER_print.c [m
-e Compiling [31m[1m /home/hpe/o-du-l2/src/codec_utils/common/OBJECT_IDENTIFIER_rfill.c [m
-e Compiling [31m[1m /home/hpe/o-du-l2/src/codec_utils/common/OBJECT_IDENTIFIER_xer.c [m
-e Compiling [31m[1m /home/hpe/o-du-l2/src/codec_utils/common/OCTET_STRING_aper.c [m
-e Compiling [31m[1m /home/hpe/o-du-l2/src/codec_utils/common/OCTET_STRING.c [m
-e Compiling [31m[1m /home/hpe/o-du-l2/src/codec_utils/common/OCTET_STRING_print.c [m
-e Compiling [31m[1m /home/hpe/o-du-l2/src/codec_utils/common/OCTET_STRING_rfill.c [m
-e Compiling [31m[1m /home/hpe/o-du-l2/src/codec_utils/common/OCTET_STRING_uper.c [m
-e Compiling [31m[1m /home/hpe/o-du-l2/src/codec_utils/common/OCTET_STRING_xer.c [m
-e Compiling [31m[1m /home/hpe/o-du-l2/src/codec_utils/common/odu_common_codec.c [m
-e Compiling [31m[1m /home/hpe/o-du-l2/src/codec_utils/common/OPEN_TYPE_aper.c [m
-e Compiling [31m[1m /home/hpe/o-du-l2/src/codec_utils/common/OPEN_TYPE.c [m
-e Compiling [31m[1m /home/hpe/o-du-l2/src/codec_utils/common/OPEN_TYPE_uper.c [m
-e Compiling [31m[1m /home/hpe/o-du-l2/src/codec_utils/common/OPEN_TYPE_xer.c [m
-e Compiling [31m[1m /home/hpe/o-du-l2/src/codec_utils/common/per_decoder.c [m
-e Compiling [31m[1m /home/hpe/o-du-l2/src/codec_utils/common/per_encoder.c [m
-e Compiling [31m[1m /home/hpe/o-du-l2/src/codec_utils/common/per_opentype.c [m
In file included from /home/hpe/o-du-l2/src/codec_utils/common/NativeReal_aper.c:8:
/home/hpe/o-du-l2/src/codec_utils/common/REAL.h:11: warning: "_ISOC99_SOURCE" redefined
   11 | #define _ISOC99_SOURCE  /* For ilogb() and quiet NAN */
      | 
In file included from /usr/include/x86_64-linux-gnu/bits/libc-header-start.h:33,
                 from /usr/include/stdio.h:27,
                 from /home/hpe/o-du-l2/src/codec_utils/common/asn_system.h:23,
                 from /home/hpe/o-du-l2/src/codec_utils/common/asn_application.h:11,
                 from /home/hpe/o-du-l2/src/codec_utils/common/asn_internal.h:14,
                 from /home/hpe/o-du-l2/src/codec_utils/common/NativeReal_aper.c:6:
/usr/include/features.h:204: note: this is the location of the previous definition
  204 | # define _ISOC99_SOURCE 1
      | 
In file included from /home/hpe/o-du-l2/src/codec_utils/common/NativeReal.c:14:
/home/hpe/o-du-l2/src/codec_utils/common/REAL.h:11: warning: "_ISOC99_SOURCE" redefined
   11 | #define _ISOC99_SOURCE  /* For ilogb() and quiet NAN */
      | 
In file included from /usr/include/x86_64-linux-gnu/bits/libc-header-start.h:33,
                 from /usr/include/stdio.h:27,
                 from /home/hpe/o-du-l2/src/codec_utils/common/asn_system.h:23,
                 from /home/hpe/o-du-l2/src/codec_utils/common/asn_application.h:11,
                 from /home/hpe/o-du-l2/src/codec_utils/common/asn_internal.h:14,
                 from /home/hpe/o-du-l2/src/codec_utils/common/NativeReal.c:12:
/usr/include/features.h:204: note: this is the location of the previous definition
  204 | # define _ISOC99_SOURCE 1
      | 
-e Compiling [31m[1m /home/hpe/o-du-l2/src/codec_utils/common/per_support.c [m
-e Compiling [31m[1m /home/hpe/o-du-l2/src/codec_utils/common/PrintableString.c [m
-e Compiling [31m[1m /home/hpe/o-du-l2/src/codec_utils/common/REAL_aper.c [m
In file included from /home/hpe/o-du-l2/src/codec_utils/common/NativeReal_print.c:8:
/home/hpe/o-du-l2/src/codec_utils/common/REAL.h:11: warning: "_ISOC99_SOURCE" redefined
   11 | #define _ISOC99_SOURCE  /* For ilogb() and quiet NAN */
      | 
In file included from /usr/include/x86_64-linux-gnu/bits/libc-header-start.h:33,
                 from /usr/include/stdio.h:27,
                 from /home/hpe/o-du-l2/src/codec_utils/common/asn_system.h:23,
                 from /home/hpe/o-du-l2/src/codec_utils/common/asn_application.h:11,
                 from /home/hpe/o-du-l2/src/codec_utils/common/asn_internal.h:14,
                 from /home/hpe/o-du-l2/src/codec_utils/common/NativeReal_print.c:6:
/usr/include/features.h:204: note: this is the location of the previous definition
  204 | # define _ISOC99_SOURCE 1
      | 
In file included from /home/hpe/o-du-l2/src/codec_utils/common/NativeReal_uper.c:8:
/home/hpe/o-du-l2/src/codec_utils/common/REAL.h:11: warning: "_ISOC99_SOURCE" redefined
   11 | #define _ISOC99_SOURCE  /* For ilogb() and quiet NAN */
      | 
In file included from /usr/include/x86_64-linux-gnu/bits/libc-header-start.h:33,
                 from /usr/include/stdio.h:27,
                 from /home/hpe/o-du-l2/src/codec_utils/common/asn_system.h:23,
                 from /home/hpe/o-du-l2/src/codec_utils/common/asn_application.h:11,
                 from /home/hpe/o-du-l2/src/codec_utils/common/asn_internal.h:14,
                 from /home/hpe/o-du-l2/src/codec_utils/common/NativeReal_uper.c:6:
/usr/include/features.h:204: note: this is the location of the previous definition
  204 | # define _ISOC99_SOURCE 1
      | 
-e Compiling [31m[1m /home/hpe/o-du-l2/src/codec_utils/common/REAL.c [m
In file included from /home/hpe/o-du-l2/src/codec_utils/common/NativeReal_xer.c:8:
/home/hpe/o-du-l2/src/codec_utils/common/REAL.h:11: warning: "_ISOC99_SOURCE" redefined
   11 | #define _ISOC99_SOURCE  /* For ilogb() and quiet NAN */
      | 
In file included from /usr/include/x86_64-linux-gnu/bits/libc-header-start.h:33,
                 from /usr/include/stdio.h:27,
                 from /home/hpe/o-du-l2/src/codec_utils/common/asn_system.h:23,
                 from /home/hpe/o-du-l2/src/codec_utils/common/asn_application.h:11,
                 from /home/hpe/o-du-l2/src/codec_utils/common/asn_internal.h:14,
                 from /home/hpe/o-du-l2/src/codec_utils/common/NativeReal_xer.c:6:
/usr/include/features.h:204: note: this is the location of the previous definition
  204 | # define _ISOC99_SOURCE 1
      | 
-e Compiling [31m[1m /home/hpe/o-du-l2/src/codec_utils/common/REAL_print.c [m
-e Compiling [31m[1m /home/hpe/o-du-l2/src/codec_utils/common/REAL_rfill.c [m
-e Compiling [31m[1m /home/hpe/o-du-l2/src/codec_utils/common/REAL_uper.c [m
-e Compiling [31m[1m /home/hpe/o-du-l2/src/codec_utils/common/REAL_xer.c [m
-e Compiling [31m[1m /home/hpe/o-du-l2/src/codec_utils/common/uper_decoder.c [m
-e Compiling [31m[1m /home/hpe/o-du-l2/src/codec_utils/common/uper_encoder.c [m
-e Compiling [31m[1m /home/hpe/o-du-l2/src/codec_utils/common/uper_opentype.c [m
-e Compiling [31m[1m /home/hpe/o-du-l2/src/codec_utils/common/uper_support.c [m
-e Compiling [31m[1m /home/hpe/o-du-l2/src/codec_utils/common/xer_decoder.c [m
-e Compiling [31m[1m /home/hpe/o-du-l2/src/codec_utils/common/xer_encoder.c [m
-e Compiling [31m[1m /home/hpe/o-du-l2/src/codec_utils/common/xer_support.c [m
In file included from /home/hpe/o-du-l2/src/codec_utils/common/REAL_aper.c:7:
/home/hpe/o-du-l2/src/codec_utils/common/REAL.h:11: warning: "_ISOC99_SOURCE" redefined
   11 | #define _ISOC99_SOURCE  /* For ilogb() and quiet NAN */
      | 
In file included from /usr/include/x86_64-linux-gnu/bits/libc-header-start.h:33,
                 from /usr/include/stdio.h:27,
                 from /home/hpe/o-du-l2/src/codec_utils/common/asn_system.h:23,
                 from /home/hpe/o-du-l2/src/codec_utils/common/asn_application.h:11,
                 from /home/hpe/o-du-l2/src/codec_utils/common/asn_internal.h:14,
                 from /home/hpe/o-du-l2/src/codec_utils/common/REAL_aper.c:6:
/usr/include/features.h:204: note: this is the location of the previous definition
  204 | # define _ISOC99_SOURCE 1
      | 
In file included from /home/hpe/o-du-l2/src/codec_utils/common/REAL.c:8:
/home/hpe/o-du-l2/src/codec_utils/common/REAL.h:11: warning: "_ISOC99_SOURCE" redefined
   11 | #define _ISOC99_SOURCE  /* For ilogb() and quiet NAN */
      | 
In file included from /usr/include/x86_64-linux-gnu/bits/libc-header-start.h:33,
                 from /usr/include/stdio.h:27,
                 from /home/hpe/o-du-l2/src/codec_utils/common/asn_system.h:23,
                 from /home/hpe/o-du-l2/src/codec_utils/common/asn_application.h:11,
                 from /home/hpe/o-du-l2/src/codec_utils/common/asn_internal.h:14,
                 from /home/hpe/o-du-l2/src/codec_utils/common/REAL.c:5:
/usr/include/features.h:204: note: this is the location of the previous definition
  204 | # define _ISOC99_SOURCE 1
      | 
In file included from /home/hpe/o-du-l2/src/codec_utils/common/REAL_rfill.c:7:
/home/hpe/o-du-l2/src/codec_utils/common/REAL.h:11: warning: "_ISOC99_SOURCE" redefined
   11 | #define _ISOC99_SOURCE  /* For ilogb() and quiet NAN */
      | 
In file included from /home/hpe/o-du-l2/src/codec_utils/common/REAL_print.c:7:
/home/hpe/o-du-l2/src/codec_utils/common/REAL.h:11: warning: "_ISOC99_SOURCE" redefined
   11 | #define _ISOC99_SOURCE  /* For ilogb() and quiet NAN */
      | 
In file included from /usr/include/x86_64-linux-gnu/bits/libc-header-start.h:33,
                 from /usr/include/stdio.h:27,
                 from /home/hpe/o-du-l2/src/codec_utils/common/asn_system.h:23,
                 from /home/hpe/o-du-l2/src/codec_utils/common/asn_application.h:11,
                 from /home/hpe/o-du-l2/src/codec_utils/common/asn_internal.h:14,
                 from /home/hpe/o-du-l2/src/codec_utils/common/REAL_rfill.c:6:
/usr/include/features.h:204: note: this is the location of the previous definition
  204 | # define _ISOC99_SOURCE 1
      | 
In file included from /usr/include/x86_64-linux-gnu/bits/libc-header-start.h:33,
                 from /usr/include/stdio.h:27,
                 from /home/hpe/o-du-l2/src/codec_utils/common/asn_system.h:23,
                 from /home/hpe/o-du-l2/src/codec_utils/common/asn_application.h:11,
                 from /home/hpe/o-du-l2/src/codec_utils/common/asn_internal.h:14,
                 from /home/hpe/o-du-l2/src/codec_utils/common/REAL_print.c:6:
/usr/include/features.h:204: note: this is the location of the previous definition
  204 | # define _ISOC99_SOURCE 1
      | 
In file included from /home/hpe/o-du-l2/src/codec_utils/common/REAL_uper.c:7:
/home/hpe/o-du-l2/src/codec_utils/common/REAL.h:11: warning: "_ISOC99_SOURCE" redefined
   11 | #define _ISOC99_SOURCE  /* For ilogb() and quiet NAN */
      | 
In file included from /home/hpe/o-du-l2/src/codec_utils/common/REAL_xer.c:7:
/home/hpe/o-du-l2/src/codec_utils/common/REAL.h:11: warning: "_ISOC99_SOURCE" redefined
   11 | #define _ISOC99_SOURCE  /* For ilogb() and quiet NAN */
      | 
In file included from /usr/include/x86_64-linux-gnu/bits/libc-header-start.h:33,
                 from /usr/include/stdio.h:27,
                 from /home/hpe/o-du-l2/src/codec_utils/common/asn_system.h:23,
                 from /home/hpe/o-du-l2/src/codec_utils/common/asn_application.h:11,
                 from /home/hpe/o-du-l2/src/codec_utils/common/asn_internal.h:14,
                 from /home/hpe/o-du-l2/src/codec_utils/common/REAL_uper.c:6:
/usr/include/features.h:204: note: this is the location of the previous definition
  204 | # define _ISOC99_SOURCE 1
      | 
In file included from /usr/include/x86_64-linux-gnu/bits/libc-header-start.h:33,
                 from /usr/include/stdio.h:27,
                 from /home/hpe/o-du-l2/src/codec_utils/common/asn_system.h:23,
                 from /home/hpe/o-du-l2/src/codec_utils/common/asn_application.h:11,
                 from /home/hpe/o-du-l2/src/codec_utils/common/asn_internal.h:14,
                 from /home/hpe/o-du-l2/src/codec_utils/common/REAL_xer.c:6:
/usr/include/features.h:204: note: this is the location of the previous definition
  204 | # define _ISOC99_SOURCE 1
      | 
-e Creating Archive [31m[1m /home/hpe/o-du-l2/build/odu/lib/odu/libasn_common.a [m
make[1]: Leaving directory '/home/hpe/o-du-l2/build/odu'
make[1]: Entering directory '/home/hpe/o-du-l2/build/odu'
-e Compiling [31m[1m /home/hpe/o-du-l2/src/codec_utils/F1AP/AllocationAndRetentionPriority.c [m
-e Compiling [31m[1m /home/hpe/o-du-l2/src/codec_utils/F1AP/Associated-SCell-Item.c [m
-e Compiling [31m[1m /home/hpe/o-du-l2/src/codec_utils/F1AP/Associated-SCell-List.c [m
-e Compiling [31m[1m /home/hpe/o-du-l2/src/codec_utils/F1AP/AvailablePLMNList.c [m
-e Compiling [31m[1m /home/hpe/o-du-l2/src/codec_utils/F1AP/AvailablePLMNList-Item.c [m
-e Compiling [31m[1m /home/hpe/o-du-l2/src/codec_utils/F1AP/AveragingWindow.c [m
-e Compiling [31m[1m /home/hpe/o-du-l2/src/codec_utils/F1AP/BearerTypeChange.c [m
-e Compiling [31m[1m /home/hpe/o-du-l2/src/codec_utils/F1AP/BitRate.c [m
-e Compiling [31m[1m /home/hpe/o-du-l2/src/codec_utils/F1AP/Broadcast-To-Be-Cancelled-Item.c [m
-e Compiling [31m[1m /home/hpe/o-du-l2/src/codec_utils/F1AP/Broadcast-To-Be-Cancelled-List.c [m
-e Compiling [31m[1m /home/hpe/o-du-l2/src/codec_utils/F1AP/Cancel-all-Warning-Messages-Indicator.c [m
-e Compiling [31m[1m /home/hpe/o-du-l2/src/codec_utils/F1AP/Candidate-SpCell-Item.c [m
-e Compiling [31m[1m /home/hpe/o-du-l2/src/codec_utils/F1AP/Candidate-SpCell-List.c [m
-e Compiling [31m[1m /home/hpe/o-du-l2/src/codec_utils/F1AP/Cause.c [m
-e Compiling [31m[1m /home/hpe/o-du-l2/src/codec_utils/F1AP/CauseMisc.c [m
-e Compiling [31m[1m /home/hpe/o-du-l2/src/codec_utils/F1AP/CauseProtocol.c [m
-e Compiling [31m[1m /home/hpe/o-du-l2/src/codec_utils/F1AP/CauseRadioNetwork.c [m
-e Compiling [31m[1m /home/hpe/o-du-l2/src/codec_utils/F1AP/CauseTransport.c [m
-e Compiling [31m[1m /home/hpe/o-du-l2/src/codec_utils/F1AP/CellBarred.c [m
-e Compiling [31m[1m /home/hpe/o-du-l2/src/codec_utils/F1AP/Cell-Direction.c [m
-e Compiling [31m[1m /home/hpe/o-du-l2/src/codec_utils/F1AP/CellGroupConfig.c [m
-e Compiling [31m[1m /home/hpe/o-du-l2/src/codec_utils/F1AP/Cells-Broadcast-Cancelled-Item.c [m
-e Compiling [31m[1m /home/hpe/o-du-l2/src/codec_utils/F1AP/Cells-Broadcast-Cancelled-List.c [m
-e Compiling [31m[1m /home/hpe/o-du-l2/src/codec_utils/F1AP/Cells-Broadcast-Completed-Item.c [m
-e Compiling [31m[1m /home/hpe/o-du-l2/src/codec_utils/F1AP/Cells-Broadcast-Completed-List.c [m
-e Compiling [31m[1m /home/hpe/o-du-l2/src/codec_utils/F1AP/Cells-Failed-to-be-Activated-List.c [m
-e Compiling [31m[1m /home/hpe/o-du-l2/src/codec_utils/F1AP/Cells-Failed-to-be-Activated-List-Item.c [m
-e Compiling [31m[1m /home/hpe/o-du-l2/src/codec_utils/F1AP/Cells-Status-Item.c [m
-e Compiling [31m[1m /home/hpe/o-du-l2/src/codec_utils/F1AP/Cells-Status-List.c [m
-e Compiling [31m[1m /home/hpe/o-du-l2/src/codec_utils/F1AP/Cells-to-be-Activated-List.c [m
-e Compiling [31m[1m /home/hpe/o-du-l2/src/codec_utils/F1AP/Cells-to-be-Activated-List-Item.c [m
-e Compiling [31m[1m /home/hpe/o-du-l2/src/codec_utils/F1AP/Cells-to-be-Barred-Item.c [m
-e Compiling [31m[1m /home/hpe/o-du-l2/src/codec_utils/F1AP/Cells-to-be-Barred-List.c [m
-e Compiling [31m[1m /home/hpe/o-du-l2/src/codec_utils/F1AP/Cells-To-Be-Broadcast-Item.c [m
-e Compiling [31m[1m /home/hpe/o-du-l2/src/codec_utils/F1AP/Cells-To-Be-Broadcast-List.c [m
-e Compiling [31m[1m /home/hpe/o-du-l2/src/codec_utils/F1AP/Cells-to-be-Deactivated-List.c [m
-e Compiling [31m[1m /home/hpe/o-du-l2/src/codec_utils/F1AP/Cells-to-be-Deactivated-List-Item.c [m
-e Compiling [31m[1m /home/hpe/o-du-l2/src/codec_utils/F1AP/CellULConfigured.c [m
-e Compiling [31m[1m /home/hpe/o-du-l2/src/codec_utils/F1AP/CG-ConfigInfo.c [m
-e Compiling [31m[1m /home/hpe/o-du-l2/src/codec_utils/F1AP/CNUEPagingIdentity.c [m
-e Compiling [31m[1m /home/hpe/o-du-l2/src/codec_utils/F1AP/Configured-EPS-TAC.c [m
-e Compiling [31m[1m /home/hpe/o-du-l2/src/codec_utils/F1AP/CP-TransportLayerAddress.c [m
-e Compiling [31m[1m /home/hpe/o-du-l2/src/codec_utils/F1AP/Criticality.c [m
-e Compiling [31m[1m /home/hpe/o-du-l2/src/codec_utils/F1AP/CriticalityDiagnostics.c [m
-e Compiling [31m[1m /home/hpe/o-du-l2/src/codec_utils/F1AP/CriticalityDiagnostics-IE-Item.c [m
-e Compiling [31m[1m /home/hpe/o-du-l2/src/codec_utils/F1AP/CriticalityDiagnostics-IE-List.c [m
-e Compiling [31m[1m /home/hpe/o-du-l2/src/codec_utils/F1AP/C-RNTI.c [m
-e Compiling [31m[1m /home/hpe/o-du-l2/src/codec_utils/F1AP/CUtoDURRCInformation.c [m
-e Compiling [31m[1m /home/hpe/o-du-l2/src/codec_utils/F1AP/DCBasedDuplicationConfigured.c [m
-e Compiling [31m[1m /home/hpe/o-du-l2/src/codec_utils/F1AP/Dedicated-SIDelivery-NeededUE-Item.c [m
-e Compiling [31m[1m /home/hpe/o-du-l2/src/codec_utils/F1AP/Dedicated-SIDelivery-NeededUE-List.c [m
-e Compiling [31m[1m /home/hpe/o-du-l2/src/codec_utils/F1AP/DLRRCMessageTransfer.c [m
-e Compiling [31m[1m /home/hpe/o-du-l2/src/codec_utils/F1AP/DLUPTNLInformation-ToBeSetup-Item.c [m
-e Compiling [31m[1m /home/hpe/o-du-l2/src/codec_utils/F1AP/DLUPTNLInformation-ToBeSetup-List.c [m
-e Compiling [31m[1m /home/hpe/o-du-l2/src/codec_utils/F1AP/DRB-Activity.c [m
-e Compiling [31m[1m /home/hpe/o-du-l2/src/codec_utils/F1AP/DRB-Activity-Item.c [m
-e Compiling [31m[1m /home/hpe/o-du-l2/src/codec_utils/F1AP/DRB-Activity-List.c [m
-e Compiling [31m[1m /home/hpe/o-du-l2/src/codec_utils/F1AP/DRBID.c [m
-e Compiling [31m[1m /home/hpe/o-du-l2/src/codec_utils/F1AP/DRB-Information.c [m
-e Compiling [31m[1m /home/hpe/o-du-l2/src/codec_utils/F1AP/DRB-Notify-Item.c [m
-e Compiling [31m[1m /home/hpe/o-du-l2/src/codec_utils/F1AP/DRB-Notify-List.c [m
-e Compiling [31m[1m /home/hpe/o-du-l2/src/codec_utils/F1AP/DRBs-FailedToBeModified-Item.c [m
-e Compiling [31m[1m /home/hpe/o-du-l2/src/codec_utils/F1AP/DRBs-FailedToBeModified-List.c [m
-e Compiling [31m[1m /home/hpe/o-du-l2/src/codec_utils/F1AP/DRBs-FailedToBeSetup-Item.c [m
-e Compiling [31m[1m /home/hpe/o-du-l2/src/codec_utils/F1AP/DRBs-FailedToBeSetup-List.c [m
-e Compiling [31m[1m /home/hpe/o-du-l2/src/codec_utils/F1AP/DRBs-FailedToBeSetupMod-Item.c [m
-e Compiling [31m[1m /home/hpe/o-du-l2/src/codec_utils/F1AP/DRBs-FailedToBeSetupMod-List.c [m
-e Compiling [31m[1m /home/hpe/o-du-l2/src/codec_utils/F1AP/DRBs-ModifiedConf-Item.c [m
-e Compiling [31m[1m /home/hpe/o-du-l2/src/codec_utils/F1AP/DRBs-ModifiedConf-List.c [m
-e Compiling [31m[1m /home/hpe/o-du-l2/src/codec_utils/F1AP/DRBs-Modified-Item.c [m
-e Compiling [31m[1m /home/hpe/o-du-l2/src/codec_utils/F1AP/DRBs-Modified-List.c [m
-e Compiling [31m[1m /home/hpe/o-du-l2/src/codec_utils/F1AP/DRBs-Required-ToBeModified-Item.c [m
-e Compiling [31m[1m /home/hpe/o-du-l2/src/codec_utils/F1AP/DRBs-Required-ToBeModified-List.c [m
-e Compiling [31m[1m /home/hpe/o-du-l2/src/codec_utils/F1AP/DRBs-Required-ToBeReleased-Item.c [m
-e Compiling [31m[1m /home/hpe/o-du-l2/src/codec_utils/F1AP/DRBs-Required-ToBeReleased-List.c [m
-e Compiling [31m[1m /home/hpe/o-du-l2/src/codec_utils/F1AP/DRBs-Setup-Item.c [m
-e Compiling [31m[1m /home/hpe/o-du-l2/src/codec_utils/F1AP/DRBs-Setup-List.c [m
-e Compiling [31m[1m /home/hpe/o-du-l2/src/codec_utils/F1AP/DRBs-SetupMod-Item.c [m
-e Compiling [31m[1m /home/hpe/o-du-l2/src/codec_utils/F1AP/DRBs-SetupMod-List.c [m
-e Compiling [31m[1m /home/hpe/o-du-l2/src/codec_utils/F1AP/DRBs-ToBeModified-Item.c [m
-e Compiling [31m[1m /home/hpe/o-du-l2/src/codec_utils/F1AP/DRBs-ToBeModified-List.c [m
-e Compiling [31m[1m /home/hpe/o-du-l2/src/codec_utils/F1AP/DRBs-ToBeReleased-Item.c [m
-e Compiling [31m[1m /home/hpe/o-du-l2/src/codec_utils/F1AP/DRBs-ToBeReleased-List.c [m
-e Compiling [31m[1m /home/hpe/o-du-l2/src/codec_utils/F1AP/DRBs-ToBeSetup-Item.c [m
-e Compiling [31m[1m /home/hpe/o-du-l2/src/codec_utils/F1AP/DRBs-ToBeSetup-List.c [m
-e Compiling [31m[1m /home/hpe/o-du-l2/src/codec_utils/F1AP/DRBs-ToBeSetupMod-Item.c [m
-e Compiling [31m[1m /home/hpe/o-du-l2/src/codec_utils/F1AP/DRBs-ToBeSetupMod-List.c [m
-e Compiling [31m[1m /home/hpe/o-du-l2/src/codec_utils/F1AP/DRX-Config.c [m
-e Compiling [31m[1m /home/hpe/o-du-l2/src/codec_utils/F1AP/DRXConfigurationIndicator.c [m
-e Compiling [31m[1m /home/hpe/o-du-l2/src/codec_utils/F1AP/DRXCycle.c [m
-e Compiling [31m[1m /home/hpe/o-du-l2/src/codec_utils/F1AP/DRX-LongCycleStartOffset.c [m
-e Compiling [31m[1m /home/hpe/o-du-l2/src/codec_utils/F1AP/DuplicationActivation.c [m
-e Compiling [31m[1m /home/hpe/o-du-l2/src/codec_utils/F1AP/DuplicationIndication.c [m
-e Compiling [31m[1m /home/hpe/o-du-l2/src/codec_utils/F1AP/DUtoCURRCContainer.c [m
-e Compiling [31m[1m /home/hpe/o-du-l2/src/codec_utils/F1AP/DUtoCURRCInformation.c [m
-e Compiling [31m[1m /home/hpe/o-du-l2/src/codec_utils/F1AP/Dynamic5QIDescriptor.c [m
-e Compiling [31m[1m /home/hpe/o-du-l2/src/codec_utils/F1AP/Endpoint-IP-address-and-port.c [m
-e Compiling [31m[1m /home/hpe/o-du-l2/src/codec_utils/F1AP/ErrorIndication.c [m
-e Compiling [31m[1m /home/hpe/o-du-l2/src/codec_utils/F1AP/EUTRA-Cell-ID.c [m
-e Compiling [31m[1m /home/hpe/o-du-l2/src/codec_utils/F1AP/EUTRACells-List.c [m
-e Compiling [31m[1m /home/hpe/o-du-l2/src/codec_utils/F1AP/EUTRACells-List-item.c [m
-e Compiling [31m[1m /home/hpe/o-du-l2/src/codec_utils/F1AP/EUTRA-Coex-FDD-Info.c [m
-e Compiling [31m[1m /home/hpe/o-du-l2/src/codec_utils/F1AP/EUTRA-Coex-Mode-Info.c [m
-e Compiling [31m[1m /home/hpe/o-du-l2/src/codec_utils/F1AP/EUTRA-Coex-TDD-Info.c [m
-e Compiling [31m[1m /home/hpe/o-du-l2/src/codec_utils/F1AP/EUTRA-CyclicPrefixDL.c [m
-e Compiling [31m[1m /home/hpe/o-du-l2/src/codec_utils/F1AP/EUTRA-CyclicPrefixUL.c [m
-e Compiling [31m[1m /home/hpe/o-du-l2/src/codec_utils/F1AP/EUTRA-FDD-Info.c [m
-e Compiling [31m[1m /home/hpe/o-du-l2/src/codec_utils/F1AP/EUTRA-Mode-Info.c [m
-e Compiling [31m[1m /home/hpe/o-du-l2/src/codec_utils/F1AP/EUTRANQoS.c [m
-e Compiling [31m[1m /home/hpe/o-du-l2/src/codec_utils/F1AP/EUTRA-NR-CellResourceCoordinationReqAck-Container.c [m
-e Compiling [31m[1m /home/hpe/o-du-l2/src/codec_utils/F1AP/EUTRA-NR-CellResourceCoordinationReq-Container.c [m
-e Compiling [31m[1m /home/hpe/o-du-l2/src/codec_utils/F1AP/EUTRA-PRACH-Configuration.c [m
-e Compiling [31m[1m /home/hpe/o-du-l2/src/codec_utils/F1AP/EUTRA-SpecialSubframe-Info.c [m
-e Compiling [31m[1m /home/hpe/o-du-l2/src/codec_utils/F1AP/EUTRA-SpecialSubframePatterns.c [m
-e Compiling [31m[1m /home/hpe/o-du-l2/src/codec_utils/F1AP/EUTRA-SubframeAssignment.c [m
-e Compiling [31m[1m /home/hpe/o-du-l2/src/codec_utils/F1AP/EUTRA-TDD-Info.c [m
-e Compiling [31m[1m /home/hpe/o-du-l2/src/codec_utils/F1AP/EUTRA-Transmission-Bandwidth.c [m
-e Compiling [31m[1m /home/hpe/o-du-l2/src/codec_utils/F1AP/ExecuteDuplication.c [m
-e Compiling [31m[1m /home/hpe/o-du-l2/src/codec_utils/F1AP/ExtendedAvailablePLMN-Item.c [m
-e Compiling [31m[1m /home/hpe/o-du-l2/src/codec_utils/F1AP/ExtendedAvailablePLMN-List.c [m
-e Compiling [31m[1m /home/hpe/o-du-l2/src/codec_utils/F1AP/ExtendedEARFCN.c [m
-e Compiling [31m[1m /home/hpe/o-du-l2/src/codec_utils/F1AP/ExtendedServedPLMNs-Item.c [m
-e Compiling [31m[1m /home/hpe/o-du-l2/src/codec_utils/F1AP/ExtendedServedPLMNs-List.c [m
-e Compiling [31m[1m /home/hpe/o-du-l2/src/codec_utils/F1AP/EXTERNAL.c [m
-e Compiling [31m[1m /home/hpe/o-du-l2/src/codec_utils/F1AP/F1AP-PDU.c [m
-e Compiling [31m[1m /home/hpe/o-du-l2/src/codec_utils/F1AP/F1SetupFailure.c [m
-e Compiling [31m[1m /home/hpe/o-du-l2/src/codec_utils/F1AP/F1SetupRequest.c [m
-e Compiling [31m[1m /home/hpe/o-du-l2/src/codec_utils/F1AP/F1SetupResponse.c [m
-e Compiling [31m[1m /home/hpe/o-du-l2/src/codec_utils/F1AP/FDD-Info.c [m
-e Compiling [31m[1m /home/hpe/o-du-l2/src/codec_utils/F1AP/FiveGS-TAC.c [m
-e Compiling [31m[1m /home/hpe/o-du-l2/src/codec_utils/F1AP/Flows-Mapped-To-DRB-Item.c [m
-e Compiling [31m[1m /home/hpe/o-du-l2/src/codec_utils/F1AP/Flows-Mapped-To-DRB-List.c [m
-e Compiling [31m[1m /home/hpe/o-du-l2/src/codec_utils/F1AP/FreqBandNrItem.c [m
-e Compiling [31m[1m /home/hpe/o-du-l2/src/codec_utils/F1AP/FullConfiguration.c [m
-e Compiling [31m[1m /home/hpe/o-du-l2/src/codec_utils/F1AP/GBR-QoSFlowInformation.c [m
-e Compiling [31m[1m /home/hpe/o-du-l2/src/codec_utils/F1AP/GBR-QosInformation.c [m
-e Compiling [31m[1m /home/hpe/o-du-l2/src/codec_utils/F1AP/GNBCUConfigurationUpdateAcknowledge.c [m
-e Compiling [31m[1m /home/hpe/o-du-l2/src/codec_utils/F1AP/GNBCUConfigurationUpdate.c [m
-e Compiling [31m[1m /home/hpe/o-du-l2/src/codec_utils/F1AP/GNBCUConfigurationUpdateFailure.c [m
-e Compiling [31m[1m /home/hpe/o-du-l2/src/codec_utils/F1AP/GNB-CU-Name.c [m
-e Compiling [31m[1m /home/hpe/o-du-l2/src/codec_utils/F1AP/GNB-CUSystemInformation.c [m
-e Compiling [31m[1m /home/hpe/o-du-l2/src/codec_utils/F1AP/GNB-CU-TNL-Association-Failed-To-Setup-Item.c [m
-e Compiling [31m[1m /home/hpe/o-du-l2/src/codec_utils/F1AP/GNB-CU-TNL-Association-Failed-To-Setup-List.c [m
-e Compiling [31m[1m /home/hpe/o-du-l2/src/codec_utils/F1AP/GNB-CU-TNL-Association-Setup-Item.c [m
-e Compiling [31m[1m /home/hpe/o-du-l2/src/codec_utils/F1AP/GNB-CU-TNL-Association-Setup-List.c [m
-e Compiling [31m[1m /home/hpe/o-du-l2/src/codec_utils/F1AP/GNB-CU-TNL-Association-To-Add-Item.c [m
-e Compiling [31m[1m /home/hpe/o-du-l2/src/codec_utils/F1AP/GNB-CU-TNL-Association-To-Add-List.c [m
-e Compiling [31m[1m /home/hpe/o-du-l2/src/codec_utils/F1AP/GNB-CU-TNL-Association-To-Remove-Item.c [m
-e Compiling [31m[1m /home/hpe/o-du-l2/src/codec_utils/F1AP/GNB-CU-TNL-Association-To-Remove-List.c [m
-e Compiling [31m[1m /home/hpe/o-du-l2/src/codec_utils/F1AP/GNB-CU-TNL-Association-To-Update-Item.c [m
-e Compiling [31m[1m /home/hpe/o-du-l2/src/codec_utils/F1AP/GNB-CU-TNL-Association-To-Update-List.c [m
-e Compiling [31m[1m /home/hpe/o-du-l2/src/codec_utils/F1AP/GNB-CU-UE-F1AP-ID.c [m
-e Compiling [31m[1m /home/hpe/o-du-l2/src/codec_utils/F1AP/GNB-DUConfigurationQuery.c [m
-e Compiling [31m[1m /home/hpe/o-du-l2/src/codec_utils/F1AP/GNBDUConfigurationUpdateAcknowledge.c [m
-e Compiling [31m[1m /home/hpe/o-du-l2/src/codec_utils/F1AP/GNBDUConfigurationUpdate.c [m
-e Compiling [31m[1m /home/hpe/o-du-l2/src/codec_utils/F1AP/GNBDUConfigurationUpdateFailure.c [m
-e Compiling [31m[1m /home/hpe/o-du-l2/src/codec_utils/F1AP/GNB-DU-ID.c [m
-e Compiling [31m[1m /home/hpe/o-du-l2/src/codec_utils/F1AP/GNB-DU-Name.c [m
-e Compiling [31m[1m /home/hpe/o-du-l2/src/codec_utils/F1AP/GNBDUOverloadInformation.c [m
-e Compiling [31m[1m /home/hpe/o-du-l2/src/codec_utils/F1AP/GNBDUResourceCoordinationRequest.c [m
-e Compiling [31m[1m /home/hpe/o-du-l2/src/codec_utils/F1AP/GNBDUResourceCoordinationResponse.c [m
-e Compiling [31m[1m /home/hpe/o-du-l2/src/codec_utils/F1AP/GNB-DU-Served-Cells-Item.c [m
-e Compiling [31m[1m /home/hpe/o-du-l2/src/codec_utils/F1AP/GNB-DU-Served-Cells-List.c [m
-e Compiling [31m[1m /home/hpe/o-du-l2/src/codec_utils/F1AP/GNBDUStatusIndication.c [m
-e Compiling [31m[1m /home/hpe/o-du-l2/src/codec_utils/F1AP/GNB-DU-System-Information.c [m
-e Compiling [31m[1m /home/hpe/o-du-l2/src/codec_utils/F1AP/GNB-DU-UE-F1AP-ID.c [m
-e Compiling [31m[1m /home/hpe/o-du-l2/src/codec_utils/F1AP/GTP-TEID.c [m
-e Compiling [31m[1m /home/hpe/o-du-l2/src/codec_utils/F1AP/GTPTunnel.c [m
-e Compiling [31m[1m /home/hpe/o-du-l2/src/codec_utils/F1AP/HandoverPreparationInformation.c [m
-e Compiling [31m[1m /home/hpe/o-du-l2/src/codec_utils/F1AP/IgnoreResourceCoordinationContainer.c [m
-e Compiling [31m[1m /home/hpe/o-du-l2/src/codec_utils/F1AP/InactivityMonitoringRequest.c [m
-e Compiling [31m[1m /home/hpe/o-du-l2/src/codec_utils/F1AP/InactivityMonitoringResponse.c [m
-e Compiling [31m[1m /home/hpe/o-du-l2/src/codec_utils/F1AP/InitialULRRCMessageTransfer.c [m
-e Compiling [31m[1m /home/hpe/o-du-l2/src/codec_utils/F1AP/InitiatingMessage.c [m
-e Compiling [31m[1m /home/hpe/o-du-l2/src/codec_utils/F1AP/Latest-RRC-Version-Enhanced.c [m
-e Compiling [31m[1m /home/hpe/o-du-l2/src/codec_utils/F1AP/LCID.c [m
-e Compiling [31m[1m /home/hpe/o-du-l2/src/codec_utils/F1AP/LongDRXCycleLength.c [m
-e Compiling [31m[1m /home/hpe/o-du-l2/src/codec_utils/F1AP/MaskedIMEISV.c [m
-e Compiling [31m[1m /home/hpe/o-du-l2/src/codec_utils/F1AP/MaxDataBurstVolume.c [m
-e Compiling [31m[1m /home/hpe/o-du-l2/src/codec_utils/F1AP/MaxPacketLossRate.c [m
-e Compiling [31m[1m /home/hpe/o-du-l2/src/codec_utils/F1AP/MeasConfig.c [m
-e Compiling [31m[1m /home/hpe/o-du-l2/src/codec_utils/F1AP/MeasGapConfig.c [m
-e Compiling [31m[1m /home/hpe/o-du-l2/src/codec_utils/F1AP/MeasurementTimingConfiguration.c [m
-e Compiling [31m[1m /home/hpe/o-du-l2/src/codec_utils/F1AP/MIB-message.c [m
-e Compiling [31m[1m /home/hpe/o-du-l2/src/codec_utils/F1AP/NeedforGap.c [m
-e Compiling [31m[1m /home/hpe/o-du-l2/src/codec_utils/F1AP/NGRANAllocationAndRetentionPriority.c [m
-e Compiling [31m[1m /home/hpe/o-du-l2/src/codec_utils/F1AP/NonDynamic5QIDescriptor.c [m
-e Compiling [31m[1m /home/hpe/o-du-l2/src/codec_utils/F1AP/Notification-Cause.c [m
-e Compiling [31m[1m /home/hpe/o-du-l2/src/codec_utils/F1AP/NotificationControl.c [m
-e Compiling [31m[1m /home/hpe/o-du-l2/src/codec_utils/F1AP/Notify.c [m
-e Compiling [31m[1m /home/hpe/o-du-l2/src/codec_utils/F1AP/NRCellIdentity.c [m
-e Compiling [31m[1m /home/hpe/o-du-l2/src/codec_utils/F1AP/NRCGI.c [m
-e Compiling [31m[1m /home/hpe/o-du-l2/src/codec_utils/F1AP/NR-CGI-List-For-Restart-Item.c [m
-e Compiling [31m[1m /home/hpe/o-du-l2/src/codec_utils/F1AP/NR-CGI-List-For-Restart-List.c [m
-e Compiling [31m[1m /home/hpe/o-du-l2/src/codec_utils/F1AP/NRFreqInfo.c [m
-e Compiling [31m[1m /home/hpe/o-du-l2/src/codec_utils/F1AP/NR-Mode-Info.c [m
-e Compiling [31m[1m /home/hpe/o-du-l2/src/codec_utils/F1AP/NRNRB.c [m
-e Compiling [31m[1m /home/hpe/o-du-l2/src/codec_utils/F1AP/NRPCI.c [m
-e Compiling [31m[1m /home/hpe/o-du-l2/src/codec_utils/F1AP/NRSCS.c [m
-e Compiling [31m[1m /home/hpe/o-du-l2/src/codec_utils/F1AP/NumberofBroadcastRequest.c [m
-e Compiling [31m[1m /home/hpe/o-du-l2/src/codec_utils/F1AP/NumberOfBroadcasts.c [m
-e Compiling [31m[1m /home/hpe/o-du-l2/src/codec_utils/F1AP/OffsetToPointA.c [m
-e Compiling [31m[1m /home/hpe/o-du-l2/src/codec_utils/F1AP/PacketDelayBudget.c [m
-e Compiling [31m[1m /home/hpe/o-du-l2/src/codec_utils/F1AP/PacketErrorRate.c [m
-e Compiling [31m[1m /home/hpe/o-du-l2/src/codec_utils/F1AP/Paging.c [m
-e Compiling [31m[1m /home/hpe/o-du-l2/src/codec_utils/F1AP/PagingCell-Item.c [m
-e Compiling [31m[1m /home/hpe/o-du-l2/src/codec_utils/F1AP/PagingCell-list.c [m
-e Compiling [31m[1m /home/hpe/o-du-l2/src/codec_utils/F1AP/PagingDRX.c [m
-e Compiling [31m[1m /home/hpe/o-du-l2/src/codec_utils/F1AP/PagingIdentity.c [m
-e Compiling [31m[1m /home/hpe/o-du-l2/src/codec_utils/F1AP/PagingOrigin.c [m
-e Compiling [31m[1m /home/hpe/o-du-l2/src/codec_utils/F1AP/PagingPriority.c [m
-e Compiling [31m[1m /home/hpe/o-du-l2/src/codec_utils/F1AP/PDCP-SN.c [m
-e Compiling [31m[1m /home/hpe/o-du-l2/src/codec_utils/F1AP/PDCPSNLength.c [m
-e Compiling [31m[1m /home/hpe/o-du-l2/src/codec_utils/F1AP/PDUSessionID.c [m
-e Compiling [31m[1m /home/hpe/o-du-l2/src/codec_utils/F1AP/PER-Exponent.c [m
-e Compiling [31m[1m /home/hpe/o-du-l2/src/codec_utils/F1AP/PER-Scalar.c [m
-e Compiling [31m[1m /home/hpe/o-du-l2/src/codec_utils/F1AP/Ph-InfoSCG.c [m
-e Compiling [31m[1m /home/hpe/o-du-l2/src/codec_utils/F1AP/PLMN-Identity.c [m
-e Compiling [31m[1m /home/hpe/o-du-l2/src/codec_utils/F1AP/Potential-SpCell-Item.c [m
-e Compiling [31m[1m /home/hpe/o-du-l2/src/codec_utils/F1AP/Potential-SpCell-List.c [m
-e Compiling [31m[1m /home/hpe/o-du-l2/src/codec_utils/F1AP/Pre-emptionCapability.c [m
-e Compiling [31m[1m /home/hpe/o-du-l2/src/codec_utils/F1AP/Pre-emptionVulnerability.c [m
-e Compiling [31m[1m /home/hpe/o-du-l2/src/codec_utils/F1AP/Presence.c [m
-e Compiling [31m[1m /home/hpe/o-du-l2/src/codec_utils/F1AP/PriorityLevel.c [m
-e Compiling [31m[1m /home/hpe/o-du-l2/src/codec_utils/F1AP/PrivateIE-Container.c [m
-e Compiling [31m[1m /home/hpe/o-du-l2/src/codec_utils/F1AP/PrivateIE-Field.c [m
-e Compiling [31m[1m /home/hpe/o-du-l2/src/codec_utils/F1AP/PrivateIE-ID.c [m
-e Compiling [31m[1m /home/hpe/o-du-l2/src/codec_utils/F1AP/PrivateMessage.c [m
-e Compiling [31m[1m /home/hpe/o-du-l2/src/codec_utils/F1AP/ProcedureCode.c [m
-e Compiling [31m[1m /home/hpe/o-du-l2/src/codec_utils/F1AP/ProtectedEUTRAResourceIndication.c [m
-e Compiling [31m[1m /home/hpe/o-du-l2/src/codec_utils/F1AP/Protected-EUTRA-Resources-Item.c [m
-e Compiling [31m[1m /home/hpe/o-du-l2/src/codec_utils/F1AP/Protected-EUTRA-Resources-List.c [m
-e Compiling [31m[1m /home/hpe/o-du-l2/src/codec_utils/F1AP/ProtocolExtensionContainer.c [m
-e Compiling [31m[1m /home/hpe/o-du-l2/src/codec_utils/F1AP/ProtocolExtensionField.c [m
-e Compiling [31m[1m /home/hpe/o-du-l2/src/codec_utils/F1AP/ProtocolExtensionID.c [m
-e Compiling [31m[1m /home/hpe/o-du-l2/src/codec_utils/F1AP/ProtocolIE-Container.c [m
-e Compiling [31m[1m /home/hpe/o-du-l2/src/codec_utils/F1AP/ProtocolIE-ContainerPair.c [m
-e Compiling [31m[1m /home/hpe/o-du-l2/src/codec_utils/F1AP/ProtocolIE-Field.c [m
-e Compiling [31m[1m /home/hpe/o-du-l2/src/codec_utils/F1AP/ProtocolIE-FieldPair.c [m
-e Compiling [31m[1m /home/hpe/o-du-l2/src/codec_utils/F1AP/ProtocolIE-ID.c [m
-e Compiling [31m[1m /home/hpe/o-du-l2/src/codec_utils/F1AP/ProtocolIE-SingleContainer.c [m
-e Compiling [31m[1m /home/hpe/o-du-l2/src/codec_utils/F1AP/PWSCancelRequest.c [m
-e Compiling [31m[1m /home/hpe/o-du-l2/src/codec_utils/F1AP/PWSCancelResponse.c [m
-e Compiling [31m[1m /home/hpe/o-du-l2/src/codec_utils/F1AP/PWS-Failed-NR-CGI-Item.c [m
-e Compiling [31m[1m /home/hpe/o-du-l2/src/codec_utils/F1AP/PWS-Failed-NR-CGI-List.c [m
-e Compiling [31m[1m /home/hpe/o-du-l2/src/codec_utils/F1AP/PWSFailureIndication.c [m
-e Compiling [31m[1m /home/hpe/o-du-l2/src/codec_utils/F1AP/PWSRestartIndication.c [m
-e Compiling [31m[1m /home/hpe/o-du-l2/src/codec_utils/F1AP/PWSSystemInformation.c [m
-e Compiling [31m[1m /home/hpe/o-du-l2/src/codec_utils/F1AP/QCI.c [m
-e Compiling [31m[1m /home/hpe/o-du-l2/src/codec_utils/F1AP/QoS-Characteristics.c [m
-e Compiling [31m[1m /home/hpe/o-du-l2/src/codec_utils/F1AP/QoSFlowIdentifier.c [m
-e Compiling [31m[1m /home/hpe/o-du-l2/src/codec_utils/F1AP/QoSFlowLevelQoSParameters.c [m
-e Compiling [31m[1m /home/hpe/o-du-l2/src/codec_utils/F1AP/QoSFlowMappingIndication.c [m
-e Compiling [31m[1m /home/hpe/o-du-l2/src/codec_utils/F1AP/QoSInformation.c [m
-e Compiling [31m[1m /home/hpe/o-du-l2/src/codec_utils/F1AP/RANAC.c [m
-e Compiling [31m[1m /home/hpe/o-du-l2/src/codec_utils/F1AP/RANUEPagingIdentity.c [m
-e Compiling [31m[1m /home/hpe/o-du-l2/src/codec_utils/F1AP/RAT-FrequencyPriorityInformation.c [m
-e Compiling [31m[1m /home/hpe/o-du-l2/src/codec_utils/F1AP/RAT-FrequencySelectionPriority.c [m
-e Compiling [31m[1m /home/hpe/o-du-l2/src/codec_utils/F1AP/Reestablishment-Indication.c [m
-e Compiling [31m[1m /home/hpe/o-du-l2/src/codec_utils/F1AP/RepetitionPeriod.c [m
-e Compiling [31m[1m /home/hpe/o-du-l2/src/codec_utils/F1AP/RequestedBandCombinationIndex.c [m
-e Compiling [31m[1m /home/hpe/o-du-l2/src/codec_utils/F1AP/RequestedFeatureSetEntryIndex.c [m
-e Compiling [31m[1m /home/hpe/o-du-l2/src/codec_utils/F1AP/RequestedP-MaxFR2.c [m
-e Compiling [31m[1m /home/hpe/o-du-l2/src/codec_utils/F1AP/RequestType.c [m
-e Compiling [31m[1m /home/hpe/o-du-l2/src/codec_utils/F1AP/ResetAcknowledge.c [m
-e Compiling [31m[1m /home/hpe/o-du-l2/src/codec_utils/F1AP/ResetAll.c [m
-e Compiling [31m[1m /home/hpe/o-du-l2/src/codec_utils/F1AP/Reset.c [m
-e Compiling [31m[1m /home/hpe/o-du-l2/src/codec_utils/F1AP/ResetType.c [m
-e Compiling [31m[1m /home/hpe/o-du-l2/src/codec_utils/F1AP/ResourceCoordinationEUTRACellInfo.c [m
-e Compiling [31m[1m /home/hpe/o-du-l2/src/codec_utils/F1AP/ResourceCoordinationTransferContainer.c [m
-e Compiling [31m[1m /home/hpe/o-du-l2/src/codec_utils/F1AP/ResourceCoordinationTransferInformation.c [m
-e Compiling [31m[1m /home/hpe/o-du-l2/src/codec_utils/F1AP/RLCFailureIndication.c [m
-e Compiling [31m[1m /home/hpe/o-du-l2/src/codec_utils/F1AP/RLCMode.c [m
-e Compiling [31m[1m /home/hpe/o-du-l2/src/codec_utils/F1AP/RLC-Status.c [m
-e Compiling [31m[1m /home/hpe/o-du-l2/src/codec_utils/F1AP/RRCContainer.c [m
-e Compiling [31m[1m /home/hpe/o-du-l2/src/codec_utils/F1AP/RRCDeliveryReport.c [m
-e Compiling [31m[1m /home/hpe/o-du-l2/src/codec_utils/F1AP/RRCDeliveryStatus.c [m
-e Compiling [31m[1m /home/hpe/o-du-l2/src/codec_utils/F1AP/RRCDeliveryStatusRequest.c [m
-e Compiling [31m[1m /home/hpe/o-du-l2/src/codec_utils/F1AP/RRCReconfigurationCompleteIndicator.c [m
-e Compiling [31m[1m /home/hpe/o-du-l2/src/codec_utils/F1AP/RRC-Version.c [m
-e Compiling [31m[1m /home/hpe/o-du-l2/src/codec_utils/F1AP/SCell-FailedtoSetup-Item.c [m
-e Compiling [31m[1m /home/hpe/o-du-l2/src/codec_utils/F1AP/SCell-FailedtoSetup-List.c [m
-e Compiling [31m[1m /home/hpe/o-du-l2/src/codec_utils/F1AP/SCell-FailedtoSetupMod-Item.c [m
-e Compiling [31m[1m /home/hpe/o-du-l2/src/codec_utils/F1AP/SCell-FailedtoSetupMod-List.c [m
-e Compiling [31m[1m /home/hpe/o-du-l2/src/codec_utils/F1AP/SCellIndex.c [m
-e Compiling [31m[1m /home/hpe/o-du-l2/src/codec_utils/F1AP/SCell-ToBeRemoved-Item.c [m
-e Compiling [31m[1m /home/hpe/o-du-l2/src/codec_utils/F1AP/SCell-ToBeRemoved-List.c [m
-e Compiling [31m[1m /home/hpe/o-du-l2/src/codec_utils/F1AP/SCell-ToBeSetup-Item.c [m
-e Compiling [31m[1m /home/hpe/o-du-l2/src/codec_utils/F1AP/SCell-ToBeSetup-List.c [m
-e Compiling [31m[1m /home/hpe/o-du-l2/src/codec_utils/F1AP/SCell-ToBeSetupMod-Item.c [m
-e Compiling [31m[1m /home/hpe/o-du-l2/src/codec_utils/F1AP/SCell-ToBeSetupMod-List.c [m
-e Compiling [31m[1m /home/hpe/o-du-l2/src/codec_utils/F1AP/SelectedBandCombinationIndex.c [m
-e Compiling [31m[1m /home/hpe/o-du-l2/src/codec_utils/F1AP/SelectedFeatureSetEntryIndex.c [m
-e Compiling [31m[1m /home/hpe/o-du-l2/src/codec_utils/F1AP/ServCellIndex.c [m
-e Compiling [31m[1m /home/hpe/o-du-l2/src/codec_utils/F1AP/Served-Cell-Information.c [m
-e Compiling [31m[1m /home/hpe/o-du-l2/src/codec_utils/F1AP/Served-Cells-To-Add-Item.c [m
-e Compiling [31m[1m /home/hpe/o-du-l2/src/codec_utils/F1AP/Served-Cells-To-Add-List.c [m
-e Compiling [31m[1m /home/hpe/o-du-l2/src/codec_utils/F1AP/Served-Cells-To-Delete-Item.c [m
-e Compiling [31m[1m /home/hpe/o-du-l2/src/codec_utils/F1AP/Served-Cells-To-Delete-List.c [m
-e Compiling [31m[1m /home/hpe/o-du-l2/src/codec_utils/F1AP/Served-Cells-To-Modify-Item.c [m
-e Compiling [31m[1m /home/hpe/o-du-l2/src/codec_utils/F1AP/Served-Cells-To-Modify-List.c [m
-e Compiling [31m[1m /home/hpe/o-du-l2/src/codec_utils/F1AP/Served-EUTRA-Cells-Information.c [m
-e Compiling [31m[1m /home/hpe/o-du-l2/src/codec_utils/F1AP/ServedPLMNs-Item.c [m
-e Compiling [31m[1m /home/hpe/o-du-l2/src/codec_utils/F1AP/ServedPLMNs-List.c [m
-e Compiling [31m[1m /home/hpe/o-du-l2/src/codec_utils/F1AP/Service-State.c [m
-e Compiling [31m[1m /home/hpe/o-du-l2/src/codec_utils/F1AP/Service-Status.c [m
-e Compiling [31m[1m /home/hpe/o-du-l2/src/codec_utils/F1AP/ServingCellMO.c [m
-e Compiling [31m[1m /home/hpe/o-du-l2/src/codec_utils/F1AP/ShortDRXCycleLength.c [m
-e Compiling [31m[1m /home/hpe/o-du-l2/src/codec_utils/F1AP/ShortDRXCycleTimer.c [m
-e Compiling [31m[1m /home/hpe/o-du-l2/src/codec_utils/F1AP/SIB1-message.c [m
-e Compiling [31m[1m /home/hpe/o-du-l2/src/codec_utils/F1AP/SIBType-PWS.c [m
-e Compiling [31m[1m /home/hpe/o-du-l2/src/codec_utils/F1AP/SibtypetobeupdatedListItem.c [m
-e Compiling [31m[1m /home/hpe/o-du-l2/src/codec_utils/F1AP/SItype.c [m
-e Compiling [31m[1m /home/hpe/o-du-l2/src/codec_utils/F1AP/SItype-Item.c [m
-e Compiling [31m[1m /home/hpe/o-du-l2/src/codec_utils/F1AP/SItype-List.c [m
-e Compiling [31m[1m /home/hpe/o-du-l2/src/codec_utils/F1AP/SliceSupportItem.c [m
-e Compiling [31m[1m /home/hpe/o-du-l2/src/codec_utils/F1AP/SliceSupportList.c [m
-e Compiling [31m[1m /home/hpe/o-du-l2/src/codec_utils/F1AP/SNSSAI.c [m
-e Compiling [31m[1m /home/hpe/o-du-l2/src/codec_utils/F1AP/SpectrumSharingGroupID.c [m
-e Compiling [31m[1m /home/hpe/o-du-l2/src/codec_utils/F1AP/SRBID.c [m
-e Compiling [31m[1m /home/hpe/o-du-l2/src/codec_utils/F1AP/SRBs-FailedToBeSetup-Item.c [m
-e Compiling [31m[1m /home/hpe/o-du-l2/src/codec_utils/F1AP/SRBs-FailedToBeSetup-List.c [m
-e Compiling [31m[1m /home/hpe/o-du-l2/src/codec_utils/F1AP/SRBs-FailedToBeSetupMod-Item.c [m
-e Compiling [31m[1m /home/hpe/o-du-l2/src/codec_utils/F1AP/SRBs-FailedToBeSetupMod-List.c [m
-e Compiling [31m[1m /home/hpe/o-du-l2/src/codec_utils/F1AP/SRBs-Modified-Item.c [m
-e Compiling [31m[1m /home/hpe/o-du-l2/src/codec_utils/F1AP/SRBs-Modified-List.c [m
-e Compiling [31m[1m /home/hpe/o-du-l2/src/codec_utils/F1AP/SRBs-Required-ToBeReleased-Item.c [m
-e Compiling [31m[1m /home/hpe/o-du-l2/src/codec_utils/F1AP/SRBs-Required-ToBeReleased-List.c [m
-e Compiling [31m[1m /home/hpe/o-du-l2/src/codec_utils/F1AP/SRBs-Setup-Item.c [m
-e Compiling [31m[1m /home/hpe/o-du-l2/src/codec_utils/F1AP/SRBs-Setup-List.c [m
-e Compiling [31m[1m /home/hpe/o-du-l2/src/codec_utils/F1AP/SRBs-SetupMod-Item.c [m
-e Compiling [31m[1m /home/hpe/o-du-l2/src/codec_utils/F1AP/SRBs-SetupMod-List.c [m
-e Compiling [31m[1m /home/hpe/o-du-l2/src/codec_utils/F1AP/SRBs-ToBeReleased-Item.c [m
-e Compiling [31m[1m /home/hpe/o-du-l2/src/codec_utils/F1AP/SRBs-ToBeReleased-List.c [m
-e Compiling [31m[1m /home/hpe/o-du-l2/src/codec_utils/F1AP/SRBs-ToBeSetup-Item.c [m
-e Compiling [31m[1m /home/hpe/o-du-l2/src/codec_utils/F1AP/SRBs-ToBeSetup-List.c [m
-e Compiling [31m[1m /home/hpe/o-du-l2/src/codec_utils/F1AP/SRBs-ToBeSetupMod-Item.c [m
-e Compiling [31m[1m /home/hpe/o-du-l2/src/codec_utils/F1AP/SRBs-ToBeSetupMod-List.c [m
-e Compiling [31m[1m /home/hpe/o-du-l2/src/codec_utils/F1AP/SubscriberProfileIDforRFP.c [m
-e Compiling [31m[1m /home/hpe/o-du-l2/src/codec_utils/F1AP/SuccessfulOutcome.c [m
-e Compiling [31m[1m /home/hpe/o-du-l2/src/codec_utils/F1AP/SULAccessIndication.c [m
-e Compiling [31m[1m /home/hpe/o-du-l2/src/codec_utils/F1AP/SUL-Information.c [m
-e Compiling [31m[1m /home/hpe/o-du-l2/src/codec_utils/F1AP/SupportedSULFreqBandItem.c [m
-e Compiling [31m[1m /home/hpe/o-du-l2/src/codec_utils/F1AP/SystemInformationDeliveryCommand.c [m
-e Compiling [31m[1m /home/hpe/o-du-l2/src/codec_utils/F1AP/TDD-Info.c [m
-e Compiling [31m[1m /home/hpe/o-du-l2/src/codec_utils/F1AP/TimeToWait.c [m
-e Compiling [31m[1m /home/hpe/o-du-l2/src/codec_utils/F1AP/TNLAssociationUsage.c [m
-e Compiling [31m[1m /home/hpe/o-du-l2/src/codec_utils/F1AP/TransactionID.c [m
-e Compiling [31m[1m /home/hpe/o-du-l2/src/codec_utils/F1AP/TransmissionActionIndicator.c [m
-e Compiling [31m[1m /home/hpe/o-du-l2/src/codec_utils/F1AP/Transmission-Bandwidth.c [m
-e Compiling [31m[1m /home/hpe/o-du-l2/src/codec_utils/F1AP/TransportLayerAddress.c [m
-e Compiling [31m[1m /home/hpe/o-du-l2/src/codec_utils/F1AP/TriggeringMessage.c [m
-e Compiling [31m[1m /home/hpe/o-du-l2/src/codec_utils/F1AP/TypeOfError.c [m
-e Compiling [31m[1m /home/hpe/o-du-l2/src/codec_utils/F1AP/UEAssistanceInformation.c [m
-e Compiling [31m[1m /home/hpe/o-du-l2/src/codec_utils/F1AP/UE-associatedLogicalF1-ConnectionItem.c [m
-e Compiling [31m[1m /home/hpe/o-du-l2/src/codec_utils/F1AP/UE-associatedLogicalF1-ConnectionListResAck.c [m
-e Compiling [31m[1m /home/hpe/o-du-l2/src/codec_utils/F1AP/UE-associatedLogicalF1-ConnectionListRes.c [m
-e Compiling [31m[1m /home/hpe/o-du-l2/src/codec_utils/F1AP/UE-CapabilityRAT-ContainerList.c [m
-e Compiling [31m[1m /home/hpe/o-du-l2/src/codec_utils/F1AP/UEContextModificationConfirm.c [m
-e Compiling [31m[1m /home/hpe/o-du-l2/src/codec_utils/F1AP/UEContextModificationFailure.c [m
-e Compiling [31m[1m /home/hpe/o-du-l2/src/codec_utils/F1AP/UEContextModificationRefuse.c [m
-e Compiling [31m[1m /home/hpe/o-du-l2/src/codec_utils/F1AP/UEContextModificationRequest.c [m
-e Compiling [31m[1m /home/hpe/o-du-l2/src/codec_utils/F1AP/UEContextModificationRequired.c [m
-e Compiling [31m[1m /home/hpe/o-du-l2/src/codec_utils/F1AP/UEContextModificationResponse.c [m
-e Compiling [31m[1m /home/hpe/o-du-l2/src/codec_utils/F1AP/UEContextReleaseCommand.c [m
-e Compiling [31m[1m /home/hpe/o-du-l2/src/codec_utils/F1AP/UEContextReleaseComplete.c [m
-e Compiling [31m[1m /home/hpe/o-du-l2/src/codec_utils/F1AP/UEContextReleaseRequest.c [m
-e Compiling [31m[1m /home/hpe/o-du-l2/src/codec_utils/F1AP/UEContextSetupFailure.c [m
-e Compiling [31m[1m /home/hpe/o-du-l2/src/codec_utils/F1AP/UEContextSetupRequest.c [m
-e Compiling [31m[1m /home/hpe/o-du-l2/src/codec_utils/F1AP/UEContextSetupResponse.c [m
-e Compiling [31m[1m /home/hpe/o-du-l2/src/codec_utils/F1AP/UEIdentityIndexValue.c [m
-e Compiling [31m[1m /home/hpe/o-du-l2/src/codec_utils/F1AP/UEInactivityNotification.c [m
-e Compiling [31m[1m /home/hpe/o-du-l2/src/codec_utils/F1AP/ULConfiguration.c [m
-e Compiling [31m[1m /home/hpe/o-du-l2/src/codec_utils/F1AP/ULRRCMessageTransfer.c [m
-e Compiling [31m[1m /home/hpe/o-du-l2/src/codec_utils/F1AP/ULUEConfiguration.c [m
-e Compiling [31m[1m /home/hpe/o-du-l2/src/codec_utils/F1AP/ULUPTNLInformation-ToBeSetup-Item.c [m
-e Compiling [31m[1m /home/hpe/o-du-l2/src/codec_utils/F1AP/ULUPTNLInformation-ToBeSetup-List.c [m
-e Compiling [31m[1m /home/hpe/o-du-l2/src/codec_utils/F1AP/UnsuccessfulOutcome.c [m
-e Compiling [31m[1m /home/hpe/o-du-l2/src/codec_utils/F1AP/UplinkTxDirectCurrentListInformation.c [m
-e Compiling [31m[1m /home/hpe/o-du-l2/src/codec_utils/F1AP/UPTransportLayerInformation.c [m
-e Compiling [31m[1m /home/hpe/o-du-l2/src/codec_utils/F1AP/WriteReplaceWarningRequest.c [m
-e Compiling [31m[1m /home/hpe/o-du-l2/src/codec_utils/F1AP/WriteReplaceWarningResponse.c [m
-e Creating Archive [31m[1m /home/hpe/o-du-l2/build/odu/lib/odu/libasn_f1ap.a [m
make[1]: Leaving directory '/home/hpe/o-du-l2/build/odu'
make[1]: Entering directory '/home/hpe/o-du-l2/build/odu'
-e Compiling [31m[1m /home/hpe/o-du-l2/src/codec_utils/E2AP/AMFName.c [m
-e Compiling [31m[1m /home/hpe/o-du-l2/src/codec_utils/E2AP/CauseE2.c [m
-e Compiling [31m[1m /home/hpe/o-du-l2/src/codec_utils/E2AP/CauseE2Misc.c [m
-e Compiling [31m[1m /home/hpe/o-du-l2/src/codec_utils/E2AP/CauseE2node.c [m
-e Compiling [31m[1m /home/hpe/o-du-l2/src/codec_utils/E2AP/CauseE2Protocol.c [m
-e Compiling [31m[1m /home/hpe/o-du-l2/src/codec_utils/E2AP/CauseE2RICrequest.c [m
-e Compiling [31m[1m /home/hpe/o-du-l2/src/codec_utils/E2AP/CauseE2RICservice.c [m
-e Compiling [31m[1m /home/hpe/o-du-l2/src/codec_utils/E2AP/CauseE2Transport.c [m
-e Compiling [31m[1m /home/hpe/o-du-l2/src/codec_utils/E2AP/CriticalityDiagnosticsE2.c [m
-e Compiling [31m[1m /home/hpe/o-du-l2/src/codec_utils/E2AP/CriticalityDiagnosticsE2-IE-Item.c [m
-e Compiling [31m[1m /home/hpe/o-du-l2/src/codec_utils/E2AP/CriticalityDiagnosticsE2-IE-List.c [m
-e Compiling [31m[1m /home/hpe/o-du-l2/src/codec_utils/E2AP/CriticalityE2.c [m
-e Compiling [31m[1m /home/hpe/o-du-l2/src/codec_utils/E2AP/E2AP-PDU.c [m
-e Compiling [31m[1m /home/hpe/o-du-l2/src/codec_utils/E2AP/E2connectionSetupFailed-Item.c [m
-e Compiling [31m[1m /home/hpe/o-du-l2/src/codec_utils/E2AP/E2connectionSetupFailed-List.c [m
-e Compiling [31m[1m /home/hpe/o-du-l2/src/codec_utils/E2AP/E2connectionUpdateAcknowledge.c [m
-e Compiling [31m[1m /home/hpe/o-du-l2/src/codec_utils/E2AP/E2connectionUpdate.c [m
-e Compiling [31m[1m /home/hpe/o-du-l2/src/codec_utils/E2AP/E2connectionUpdateFailure.c [m
-e Compiling [31m[1m /home/hpe/o-du-l2/src/codec_utils/E2AP/E2connectionUpdate-Item.c [m
-e Compiling [31m[1m /home/hpe/o-du-l2/src/codec_utils/E2AP/E2connectionUpdate-List.c [m
-e Compiling [31m[1m /home/hpe/o-du-l2/src/codec_utils/E2AP/E2connectionUpdateRemove-Item.c [m
-e Compiling [31m[1m /home/hpe/o-du-l2/src/codec_utils/E2AP/E2connectionUpdateRemove-List.c [m
-e Compiling [31m[1m /home/hpe/o-du-l2/src/codec_utils/E2AP/E2nodeComponentConfigAdditionAck-Item.c [m
-e Compiling [31m[1m /home/hpe/o-du-l2/src/codec_utils/E2AP/E2nodeComponentConfigAdditionAck-List.c [m
-e Compiling [31m[1m /home/hpe/o-du-l2/src/codec_utils/E2AP/E2nodeComponentConfigAddition-Item.c [m
-e Compiling [31m[1m /home/hpe/o-du-l2/src/codec_utils/E2AP/E2nodeComponentConfigAddition-List.c [m
-e Compiling [31m[1m /home/hpe/o-du-l2/src/codec_utils/E2AP/E2nodeComponentConfigRemovalAck-Item.c [m
-e Compiling [31m[1m /home/hpe/o-du-l2/src/codec_utils/E2AP/E2nodeComponentConfigRemovalAck-List.c [m
-e Compiling [31m[1m /home/hpe/o-du-l2/src/codec_utils/E2AP/E2nodeComponentConfigRemoval-Item.c [m
-e Compiling [31m[1m /home/hpe/o-du-l2/src/codec_utils/E2AP/E2nodeComponentConfigRemoval-List.c [m
-e Compiling [31m[1m /home/hpe/o-du-l2/src/codec_utils/E2AP/E2nodeComponentConfigUpdateAck-Item.c [m
-e Compiling [31m[1m /home/hpe/o-du-l2/src/codec_utils/E2AP/E2nodeComponentConfigUpdateAck-List.c [m
-e Compiling [31m[1m /home/hpe/o-du-l2/src/codec_utils/E2AP/E2nodeComponentConfigUpdate-Item.c [m
-e Compiling [31m[1m /home/hpe/o-du-l2/src/codec_utils/E2AP/E2nodeComponentConfigUpdate-List.c [m
-e Compiling [31m[1m /home/hpe/o-du-l2/src/codec_utils/E2AP/E2nodeComponentConfigurationAck.c [m
-e Compiling [31m[1m /home/hpe/o-du-l2/src/codec_utils/E2AP/E2nodeComponentConfiguration.c [m
-e Compiling [31m[1m /home/hpe/o-du-l2/src/codec_utils/E2AP/E2nodeComponentID.c [m
-e Compiling [31m[1m /home/hpe/o-du-l2/src/codec_utils/E2AP/E2nodeComponentInterfaceE1.c [m
-e Compiling [31m[1m /home/hpe/o-du-l2/src/codec_utils/E2AP/E2nodeComponentInterfaceF1.c [m
-e Compiling [31m[1m /home/hpe/o-du-l2/src/codec_utils/E2AP/E2nodeComponentInterfaceNG.c [m
-e Compiling [31m[1m /home/hpe/o-du-l2/src/codec_utils/E2AP/E2nodeComponentInterfaceS1.c [m
-e Compiling [31m[1m /home/hpe/o-du-l2/src/codec_utils/E2AP/E2nodeComponentInterfaceType.c [m
-e Compiling [31m[1m /home/hpe/o-du-l2/src/codec_utils/E2AP/E2nodeComponentInterfaceW1.c [m
-e Compiling [31m[1m /home/hpe/o-du-l2/src/codec_utils/E2AP/E2nodeComponentInterfaceX2.c [m
-e Compiling [31m[1m /home/hpe/o-du-l2/src/codec_utils/E2AP/E2nodeComponentInterfaceXn.c [m
-e Compiling [31m[1m /home/hpe/o-du-l2/src/codec_utils/E2AP/E2nodeConfigurationUpdateAcknowledge.c [m
-e Compiling [31m[1m /home/hpe/o-du-l2/src/codec_utils/E2AP/E2nodeConfigurationUpdate.c [m
-e Compiling [31m[1m /home/hpe/o-du-l2/src/codec_utils/E2AP/E2nodeConfigurationUpdateFailure.c [m
-e Compiling [31m[1m /home/hpe/o-du-l2/src/codec_utils/E2AP/E2nodeTNLassociationRemoval-Item.c [m
-e Compiling [31m[1m /home/hpe/o-du-l2/src/codec_utils/E2AP/E2nodeTNLassociationRemoval-List.c [m
-e Compiling [31m[1m /home/hpe/o-du-l2/src/codec_utils/E2AP/E2RemovalFailure.c [m
-e Compiling [31m[1m /home/hpe/o-du-l2/src/codec_utils/E2AP/E2RemovalRequest.c [m
-e Compiling [31m[1m /home/hpe/o-du-l2/src/codec_utils/E2AP/E2RemovalResponse.c [m
-e Compiling [31m[1m /home/hpe/o-du-l2/src/codec_utils/E2AP/E2setupFailure.c [m
-e Compiling [31m[1m /home/hpe/o-du-l2/src/codec_utils/E2AP/E2setupRequest.c [m
-e Compiling [31m[1m /home/hpe/o-du-l2/src/codec_utils/E2AP/E2setupResponse.c [m
-e Compiling [31m[1m /home/hpe/o-du-l2/src/codec_utils/E2AP/ENB-ID.c [m
-e Compiling [31m[1m /home/hpe/o-du-l2/src/codec_utils/E2AP/ENB-ID-Choice.c [m
-e Compiling [31m[1m /home/hpe/o-du-l2/src/codec_utils/E2AP/ENGNB-ID.c [m
-e Compiling [31m[1m /home/hpe/o-du-l2/src/codec_utils/E2AP/ErrorIndicationE2.c [m
-e Compiling [31m[1m /home/hpe/o-du-l2/src/codec_utils/E2AP/GlobalE2node-eNB-ID.c [m
-e Compiling [31m[1m /home/hpe/o-du-l2/src/codec_utils/E2AP/GlobalE2node-en-gNB-ID.c [m
-e Compiling [31m[1m /home/hpe/o-du-l2/src/codec_utils/E2AP/GlobalE2node-gNB-ID.c [m
-e Compiling [31m[1m /home/hpe/o-du-l2/src/codec_utils/E2AP/GlobalE2node-ID.c [m
-e Compiling [31m[1m /home/hpe/o-du-l2/src/codec_utils/E2AP/GlobalE2node-ng-eNB-ID.c [m
-e Compiling [31m[1m /home/hpe/o-du-l2/src/codec_utils/E2AP/GlobalenGNB-ID.c [m
-e Compiling [31m[1m /home/hpe/o-du-l2/src/codec_utils/E2AP/GlobalENB-ID.c [m
-e Compiling [31m[1m /home/hpe/o-du-l2/src/codec_utils/E2AP/GlobalgNB-ID.c [m
-e Compiling [31m[1m /home/hpe/o-du-l2/src/codec_utils/E2AP/GlobalngeNB-ID.c [m
-e Compiling [31m[1m /home/hpe/o-du-l2/src/codec_utils/E2AP/GlobalNG-RANNode-ID.c [m
-e Compiling [31m[1m /home/hpe/o-du-l2/src/codec_utils/E2AP/GlobalRIC-ID.c [m
-e Compiling [31m[1m /home/hpe/o-du-l2/src/codec_utils/E2AP/GNB-CU-UP-ID.c [m
-e Compiling [31m[1m /home/hpe/o-du-l2/src/codec_utils/E2AP/GNB-ID-Choice.c [m
-e Compiling [31m[1m /home/hpe/o-du-l2/src/codec_utils/E2AP/InitiatingMessageE2.c [m
-e Compiling [31m[1m /home/hpe/o-du-l2/src/codec_utils/E2AP/MMEname.c [m
-e Compiling [31m[1m /home/hpe/o-du-l2/src/codec_utils/E2AP/NGENB-DU-ID.c [m
-e Compiling [31m[1m /home/hpe/o-du-l2/src/codec_utils/E2AP/ProcedureCodeE2.c [m
-e Compiling [31m[1m /home/hpe/o-du-l2/src/codec_utils/E2AP/ProtocolIE-ContainerE2.c [m
-e Compiling [31m[1m /home/hpe/o-du-l2/src/codec_utils/E2AP/ProtocolIE-ContainerListE2.c [m
-e Compiling [31m[1m /home/hpe/o-du-l2/src/codec_utils/E2AP/ProtocolIE-ContainerPairList.c [m
-e Compiling [31m[1m /home/hpe/o-du-l2/src/codec_utils/E2AP/ProtocolIE-FieldE2.c [m
-e Compiling [31m[1m /home/hpe/o-du-l2/src/codec_utils/E2AP/ProtocolIE-IDE2.c [m
-e Compiling [31m[1m /home/hpe/o-du-l2/src/codec_utils/E2AP/ProtocolIE-SingleContainerE2.c [m
-e Compiling [31m[1m /home/hpe/o-du-l2/src/codec_utils/E2AP/RANfunctionDefinition.c [m
-e Compiling [31m[1m /home/hpe/o-du-l2/src/codec_utils/E2AP/RANfunctionID.c [m
-e Compiling [31m[1m /home/hpe/o-du-l2/src/codec_utils/E2AP/RANfunctionIDcause-Item.c [m
-e Compiling [31m[1m /home/hpe/o-du-l2/src/codec_utils/E2AP/RANfunctionID-Item.c [m
-e Compiling [31m[1m /home/hpe/o-du-l2/src/codec_utils/E2AP/RANfunction-Item.c [m
-e Compiling [31m[1m /home/hpe/o-du-l2/src/codec_utils/E2AP/RANfunctionOID.c [m
-e Compiling [31m[1m /home/hpe/o-du-l2/src/codec_utils/E2AP/RANfunctionRevision.c [m
-e Compiling [31m[1m /home/hpe/o-du-l2/src/codec_utils/E2AP/RANfunctionsIDcause-List.c [m
-e Compiling [31m[1m /home/hpe/o-du-l2/src/codec_utils/E2AP/RANfunctionsID-List.c [m
-e Compiling [31m[1m /home/hpe/o-du-l2/src/codec_utils/E2AP/RANfunctions-List.c [m
-e Compiling [31m[1m /home/hpe/o-du-l2/src/codec_utils/E2AP/ResetRequestE2.c [m
-e Compiling [31m[1m /home/hpe/o-du-l2/src/codec_utils/E2AP/ResetResponseE2.c [m
-e Compiling [31m[1m /home/hpe/o-du-l2/src/codec_utils/E2AP/RICaction-AddedForModification-Item.c [m
-e Compiling [31m[1m /home/hpe/o-du-l2/src/codec_utils/E2AP/RICaction-Admitted-Item.c [m
-e Compiling [31m[1m /home/hpe/o-du-l2/src/codec_utils/E2AP/RICaction-Admitted-List.c [m
-e Compiling [31m[1m /home/hpe/o-du-l2/src/codec_utils/E2AP/RICaction-ConfirmedForModification-Item.c [m
-e Compiling [31m[1m /home/hpe/o-du-l2/src/codec_utils/E2AP/RICaction-ConfirmedForRemoval-Item.c [m
-e Compiling [31m[1m /home/hpe/o-du-l2/src/codec_utils/E2AP/RICactionDefinition.c [m
-e Compiling [31m[1m /home/hpe/o-du-l2/src/codec_utils/E2AP/RICactionExecutionOrder.c [m
-e Compiling [31m[1m /home/hpe/o-du-l2/src/codec_utils/E2AP/RICaction-FailedToBeAddedForModification-Item.c [m
-e Compiling [31m[1m /home/hpe/o-du-l2/src/codec_utils/E2AP/RICaction-FailedToBeModifiedForModification-Item.c [m
-e Compiling [31m[1m /home/hpe/o-du-l2/src/codec_utils/E2AP/RICaction-FailedToBeRemovedForModification-Item.c [m
-e Compiling [31m[1m /home/hpe/o-du-l2/src/codec_utils/E2AP/RICactionID.c [m
-e Compiling [31m[1m /home/hpe/o-du-l2/src/codec_utils/E2AP/RICaction-ModifiedForModification-Item.c [m
-e Compiling [31m[1m /home/hpe/o-du-l2/src/codec_utils/E2AP/RICaction-NotAdmitted-Item.c [m
-e Compiling [31m[1m /home/hpe/o-du-l2/src/codec_utils/E2AP/RICaction-NotAdmitted-List.c [m
-e Compiling [31m[1m /home/hpe/o-du-l2/src/codec_utils/E2AP/RICaction-RefusedToBeModified-Item.c [m
-e Compiling [31m[1m /home/hpe/o-du-l2/src/codec_utils/E2AP/RICaction-RefusedToBeRemoved-Item.c [m
-e Compiling [31m[1m /home/hpe/o-du-l2/src/codec_utils/E2AP/RICaction-RemovedForModification-Item.c [m
-e Compiling [31m[1m /home/hpe/o-du-l2/src/codec_utils/E2AP/RICaction-RequiredToBeModified-Item.c [m
-e Compiling [31m[1m /home/hpe/o-du-l2/src/codec_utils/E2AP/RICaction-RequiredToBeRemoved-Item.c [m
-e Compiling [31m[1m /home/hpe/o-du-l2/src/codec_utils/E2AP/RICactions-AddedForModification-List.c [m
-e Compiling [31m[1m /home/hpe/o-du-l2/src/codec_utils/E2AP/RICactions-ConfirmedForModification-List.c [m
-e Compiling [31m[1m /home/hpe/o-du-l2/src/codec_utils/E2AP/RICactions-ConfirmedForRemoval-List.c [m
-e Compiling [31m[1m /home/hpe/o-du-l2/src/codec_utils/E2AP/RICactions-FailedToBeAddedForModification-List.c [m
-e Compiling [31m[1m /home/hpe/o-du-l2/src/codec_utils/E2AP/RICactions-FailedToBeModifiedForModification-List.c [m
-e Compiling [31m[1m /home/hpe/o-du-l2/src/codec_utils/E2AP/RICactions-FailedToBeRemovedForModification-List.c [m
-e Compiling [31m[1m /home/hpe/o-du-l2/src/codec_utils/E2AP/RICactions-ModifiedForModification-List.c [m
-e Compiling [31m[1m /home/hpe/o-du-l2/src/codec_utils/E2AP/RICactions-RefusedToBeModified-List.c [m
-e Compiling [31m[1m /home/hpe/o-du-l2/src/codec_utils/E2AP/RICactions-RefusedToBeRemoved-List.c [m
-e Compiling [31m[1m /home/hpe/o-du-l2/src/codec_utils/E2AP/RICactions-RemovedForModification-List.c [m
-e Compiling [31m[1m /home/hpe/o-du-l2/src/codec_utils/E2AP/RICactions-RequiredToBeModified-List.c [m
-e Compiling [31m[1m /home/hpe/o-du-l2/src/codec_utils/E2AP/RICactions-RequiredToBeRemoved-List.c [m
-e Compiling [31m[1m /home/hpe/o-du-l2/src/codec_utils/E2AP/RICactions-ToBeAddedForModification-List.c [m
-e Compiling [31m[1m /home/hpe/o-du-l2/src/codec_utils/E2AP/RICactions-ToBeModifiedForModification-List.c [m
-e Compiling [31m[1m /home/hpe/o-du-l2/src/codec_utils/E2AP/RICactions-ToBeRemovedForModification-List.c [m
-e Compiling [31m[1m /home/hpe/o-du-l2/src/codec_utils/E2AP/RICactions-ToBeSetup-List.c [m
-e Compiling [31m[1m /home/hpe/o-du-l2/src/codec_utils/E2AP/RICaction-ToBeAddedForModification-Item.c [m
-e Compiling [31m[1m /home/hpe/o-du-l2/src/codec_utils/E2AP/RICaction-ToBeModifiedForModification-Item.c [m
-e Compiling [31m[1m /home/hpe/o-du-l2/src/codec_utils/E2AP/RICaction-ToBeRemovedForModification-Item.c [m
-e Compiling [31m[1m /home/hpe/o-du-l2/src/codec_utils/E2AP/RICaction-ToBeSetup-Item.c [m
-e Compiling [31m[1m /home/hpe/o-du-l2/src/codec_utils/E2AP/RICactionType.c [m
-e Compiling [31m[1m /home/hpe/o-du-l2/src/codec_utils/E2AP/RICcallProcessID.c [m
-e Compiling [31m[1m /home/hpe/o-du-l2/src/codec_utils/E2AP/RICcontrolAcknowledge.c [m
-e Compiling [31m[1m /home/hpe/o-du-l2/src/codec_utils/E2AP/RICcontrolAckRequest.c [m
-e Compiling [31m[1m /home/hpe/o-du-l2/src/codec_utils/E2AP/RICcontrolFailure.c [m
-e Compiling [31m[1m /home/hpe/o-du-l2/src/codec_utils/E2AP/RICcontrolHeader.c [m
-e Compiling [31m[1m /home/hpe/o-du-l2/src/codec_utils/E2AP/RICcontrolMessage.c [m
-e Compiling [31m[1m /home/hpe/o-du-l2/src/codec_utils/E2AP/RICcontrolOutcome.c [m
-e Compiling [31m[1m /home/hpe/o-du-l2/src/codec_utils/E2AP/RICcontrolRequest.c [m
-e Compiling [31m[1m /home/hpe/o-du-l2/src/codec_utils/E2AP/RICeventTriggerDefinition.c [m
-e Compiling [31m[1m /home/hpe/o-du-l2/src/codec_utils/E2AP/RICindication.c [m
-e Compiling [31m[1m /home/hpe/o-du-l2/src/codec_utils/E2AP/RICindicationHeader.c [m
-e Compiling [31m[1m /home/hpe/o-du-l2/src/codec_utils/E2AP/RICindicationMessage.c [m
-e Compiling [31m[1m /home/hpe/o-du-l2/src/codec_utils/E2AP/RICindicationSN.c [m
-e Compiling [31m[1m /home/hpe/o-du-l2/src/codec_utils/E2AP/RICindicationType.c [m
-e Compiling [31m[1m /home/hpe/o-du-l2/src/codec_utils/E2AP/RICqueryDefinition.c [m
-e Compiling [31m[1m /home/hpe/o-du-l2/src/codec_utils/E2AP/RICQueryFailure.c [m
-e Compiling [31m[1m /home/hpe/o-du-l2/src/codec_utils/E2AP/RICqueryHeader.c [m
-e Compiling [31m[1m /home/hpe/o-du-l2/src/codec_utils/E2AP/RICqueryOutcome.c [m
-e Compiling [31m[1m /home/hpe/o-du-l2/src/codec_utils/E2AP/RICQueryRequest.c [m
-e Compiling [31m[1m /home/hpe/o-du-l2/src/codec_utils/E2AP/RICQueryResponse.c [m
-e Compiling [31m[1m /home/hpe/o-du-l2/src/codec_utils/E2AP/RICrequestID.c [m
-e Compiling [31m[1m /home/hpe/o-du-l2/src/codec_utils/E2AP/RICserviceQuery.c [m
-e Compiling [31m[1m /home/hpe/o-du-l2/src/codec_utils/E2AP/RICserviceUpdateAcknowledge.c [m
-e Compiling [31m[1m /home/hpe/o-du-l2/src/codec_utils/E2AP/RICserviceUpdate.c [m
-e Compiling [31m[1m /home/hpe/o-du-l2/src/codec_utils/E2AP/RICserviceUpdateFailure.c [m
-e Compiling [31m[1m /home/hpe/o-du-l2/src/codec_utils/E2AP/RICsubscriptionDeleteFailure.c [m
-e Compiling [31m[1m /home/hpe/o-du-l2/src/codec_utils/E2AP/RICsubscriptionDeleteRequest.c [m
-e Compiling [31m[1m /home/hpe/o-du-l2/src/codec_utils/E2AP/RICsubscriptionDeleteRequired.c [m
-e Compiling [31m[1m /home/hpe/o-du-l2/src/codec_utils/E2AP/RICsubscriptionDeleteResponse.c [m
-e Compiling [31m[1m /home/hpe/o-du-l2/src/codec_utils/E2AP/RICsubscriptionDetails.c [m
-e Compiling [31m[1m /home/hpe/o-du-l2/src/codec_utils/E2AP/RICsubscriptionFailure.c [m
-e Compiling [31m[1m /home/hpe/o-du-l2/src/codec_utils/E2AP/RICsubscriptionModificationConfirm.c [m
-e Compiling [31m[1m /home/hpe/o-du-l2/src/codec_utils/E2AP/RICsubscription-List-withCauseE2.c [m
-e Compiling [31m[1m /home/hpe/o-du-l2/src/codec_utils/E2AP/RICsubscriptionModificationFailure.c [m
-e Compiling [31m[1m /home/hpe/o-du-l2/src/codec_utils/E2AP/RICsubscriptionModificationRefuse.c [m
-e Compiling [31m[1m /home/hpe/o-du-l2/src/codec_utils/E2AP/RICsubscriptionModificationRequest.c [m
-e Compiling [31m[1m /home/hpe/o-du-l2/src/codec_utils/E2AP/RICsubscriptionModificationRequired.c [m
-e Compiling [31m[1m /home/hpe/o-du-l2/src/codec_utils/E2AP/RICsubscriptionModificationResponse.c [m
-e Compiling [31m[1m /home/hpe/o-du-l2/src/codec_utils/E2AP/RICsubscriptionRequest.c [m
-e Compiling [31m[1m /home/hpe/o-du-l2/src/codec_utils/E2AP/RICsubscriptionResponse.c [m
-e Compiling [31m[1m /home/hpe/o-du-l2/src/codec_utils/E2AP/RICsubscriptionTime.c [m
-e Compiling [31m[1m /home/hpe/o-du-l2/src/codec_utils/E2AP/RICsubscription-withCauseE2-Item.c [m
-e Compiling [31m[1m /home/hpe/o-du-l2/src/codec_utils/E2AP/RICsubsequentAction.c [m
-e Compiling [31m[1m /home/hpe/o-du-l2/src/codec_utils/E2AP/RICsubsequentActionType.c [m
-e Compiling [31m[1m /home/hpe/o-du-l2/src/codec_utils/E2AP/RICtimeToWait.c [m
-e Compiling [31m[1m /home/hpe/o-du-l2/src/codec_utils/E2AP/SuccessfulOutcomeE2.c [m
-e Compiling [31m[1m /home/hpe/o-du-l2/src/codec_utils/E2AP/TimeToWaitE2.c [m
-e Compiling [31m[1m /home/hpe/o-du-l2/src/codec_utils/E2AP/TNLinformation.c [m
-e Compiling [31m[1m /home/hpe/o-du-l2/src/codec_utils/E2AP/TNLusage.c [m
-e Compiling [31m[1m /home/hpe/o-du-l2/src/codec_utils/E2AP/UnsuccessfulOutcomeE2.c [m
-e Creating Archive [31m[1m /home/hpe/o-du-l2/build/odu/lib/odu/libasn_e2ap.a [m
make[1]: Leaving directory '/home/hpe/o-du-l2/build/odu'
make[1]: Entering directory '/home/hpe/o-du-l2/build/odu'
-e Compiling [31m[1m /home/hpe/o-du-l2/src/codec_utils/E2SM_KPM/AMFPointer.c [m
-e Compiling [31m[1m /home/hpe/o-du-l2/src/codec_utils/E2SM_KPM/AMFRegionID.c [m
-e Compiling [31m[1m /home/hpe/o-du-l2/src/codec_utils/E2SM_KPM/AMFSetID.c [m
-e Compiling [31m[1m /home/hpe/o-du-l2/src/codec_utils/E2SM_KPM/AMF-UE-NGAP-ID.c [m
-e Compiling [31m[1m /home/hpe/o-du-l2/src/codec_utils/E2SM_KPM/BinIndex.c [m
-e Compiling [31m[1m /home/hpe/o-du-l2/src/codec_utils/E2SM_KPM/BinRangeDefinition.c [m
-e Compiling [31m[1m /home/hpe/o-du-l2/src/codec_utils/E2SM_KPM/BinRangeItem.c [m
-e Compiling [31m[1m /home/hpe/o-du-l2/src/codec_utils/E2SM_KPM/BinRangeList.c [m
-e Compiling [31m[1m /home/hpe/o-du-l2/src/codec_utils/E2SM_KPM/BinRangeValue.c [m
-e Compiling [31m[1m /home/hpe/o-du-l2/src/codec_utils/E2SM_KPM/CGI.c [m
-e Compiling [31m[1m /home/hpe/o-du-l2/src/codec_utils/E2SM_KPM/CoreCPID.c [m
-e Compiling [31m[1m /home/hpe/o-du-l2/src/codec_utils/E2SM_KPM/DistMeasurementBinRangeItem.c [m
-e Compiling [31m[1m /home/hpe/o-du-l2/src/codec_utils/E2SM_KPM/DistMeasurementBinRangeList.c [m
-e Compiling [31m[1m /home/hpe/o-du-l2/src/codec_utils/E2SM_KPM/E2SM-KPM-ActionDefinition.c [m
-e Compiling [31m[1m /home/hpe/o-du-l2/src/codec_utils/E2SM_KPM/E2SM-KPM-ActionDefinition-Format1.c [m
-e Compiling [31m[1m /home/hpe/o-du-l2/src/codec_utils/E2SM_KPM/E2SM-KPM-ActionDefinition-Format2.c [m
-e Compiling [31m[1m /home/hpe/o-du-l2/src/codec_utils/E2SM_KPM/E2SM-KPM-ActionDefinition-Format3.c [m
-e Compiling [31m[1m /home/hpe/o-du-l2/src/codec_utils/E2SM_KPM/E2SM-KPM-ActionDefinition-Format4.c [m
-e Compiling [31m[1m /home/hpe/o-du-l2/src/codec_utils/E2SM_KPM/E2SM-KPM-ActionDefinition-Format5.c [m
-e Compiling [31m[1m /home/hpe/o-du-l2/src/codec_utils/E2SM_KPM/E2SM-KPM-EventTriggerDefinition.c [m
-e Compiling [31m[1m /home/hpe/o-du-l2/src/codec_utils/E2SM_KPM/E2SM-KPM-EventTriggerDefinition-Format1.c [m
-e Compiling [31m[1m /home/hpe/o-du-l2/src/codec_utils/E2SM_KPM/E2SM-KPM-IndicationHeader.c [m
-e Compiling [31m[1m /home/hpe/o-du-l2/src/codec_utils/E2SM_KPM/E2SM-KPM-IndicationHeader-Format1.c [m
-e Compiling [31m[1m /home/hpe/o-du-l2/src/codec_utils/E2SM_KPM/E2SM-KPM-IndicationMessage.c [m
-e Compiling [31m[1m /home/hpe/o-du-l2/src/codec_utils/E2SM_KPM/E2SM-KPM-IndicationMessage-Format1.c [m
-e Compiling [31m[1m /home/hpe/o-du-l2/src/codec_utils/E2SM_KPM/E2SM-KPM-IndicationMessage-Format2.c [m
-e Compiling [31m[1m /home/hpe/o-du-l2/src/codec_utils/E2SM_KPM/E2SM-KPM-IndicationMessage-Format3.c [m
-e Compiling [31m[1m /home/hpe/o-du-l2/src/codec_utils/E2SM_KPM/E2SM-KPM-RANfunction-Description.c [m
-e Compiling [31m[1m /home/hpe/o-du-l2/src/codec_utils/E2SM_KPM/ENB-UE-X2AP-ID.c [m
-e Compiling [31m[1m /home/hpe/o-du-l2/src/codec_utils/E2SM_KPM/ENB-UE-X2AP-ID-Extension.c [m
-e Compiling [31m[1m /home/hpe/o-du-l2/src/codec_utils/E2SM_KPM/EN-GNB-ID.c [m
-e Compiling [31m[1m /home/hpe/o-du-l2/src/codec_utils/E2SM_KPM/E-UTRA-ARFCN.c [m
-e Compiling [31m[1m /home/hpe/o-du-l2/src/codec_utils/E2SM_KPM/EUTRACellIdentity.c [m
-e Compiling [31m[1m /home/hpe/o-du-l2/src/codec_utils/E2SM_KPM/EUTRA-CGI.c [m
-e Compiling [31m[1m /home/hpe/o-du-l2/src/codec_utils/E2SM_KPM/E-UTRA-PCI.c [m
-e Compiling [31m[1m /home/hpe/o-du-l2/src/codec_utils/E2SM_KPM/E-UTRA-TAC.c [m
-e Compiling [31m[1m /home/hpe/o-du-l2/src/codec_utils/E2SM_KPM/FiveQI.c [m
-e Compiling [31m[1m /home/hpe/o-du-l2/src/codec_utils/E2SM_KPM/GlobalGNB-ID.c [m
-e Compiling [31m[1m /home/hpe/o-du-l2/src/codec_utils/E2SM_KPM/GlobalNgENB-ID.c [m
-e Compiling [31m[1m /home/hpe/o-du-l2/src/codec_utils/E2SM_KPM/GlobalNGRANNodeID.c [m
-e Compiling [31m[1m /home/hpe/o-du-l2/src/codec_utils/E2SM_KPM/GNB-CU-CP-UE-E1AP-ID.c [m
-e Compiling [31m[1m /home/hpe/o-du-l2/src/codec_utils/E2SM_KPM/GNB-ID.c [m
-e Compiling [31m[1m /home/hpe/o-du-l2/src/codec_utils/E2SM_KPM/GranularityPeriod.c [m
-e Compiling [31m[1m /home/hpe/o-du-l2/src/codec_utils/E2SM_KPM/GroupID.c [m
-e Compiling [31m[1m /home/hpe/o-du-l2/src/codec_utils/E2SM_KPM/GUAMI.c [m
-e Compiling [31m[1m /home/hpe/o-du-l2/src/codec_utils/E2SM_KPM/GUMMEI.c [m
-e Compiling [31m[1m /home/hpe/o-du-l2/src/codec_utils/E2SM_KPM/IndexToRFSP.c [m
-e Compiling [31m[1m /home/hpe/o-du-l2/src/codec_utils/E2SM_KPM/InterfaceID-E1.c [m
-e Compiling [31m[1m /home/hpe/o-du-l2/src/codec_utils/E2SM_KPM/InterfaceIdentifier.c [m
-e Compiling [31m[1m /home/hpe/o-du-l2/src/codec_utils/E2SM_KPM/InterfaceID-F1.c [m
-e Compiling [31m[1m /home/hpe/o-du-l2/src/codec_utils/E2SM_KPM/InterfaceID-NG.c [m
-e Compiling [31m[1m /home/hpe/o-du-l2/src/codec_utils/E2SM_KPM/InterfaceID-S1.c [m
-e Compiling [31m[1m /home/hpe/o-du-l2/src/codec_utils/E2SM_KPM/InterfaceID-W1.c [m
-e Compiling [31m[1m /home/hpe/o-du-l2/src/codec_utils/E2SM_KPM/InterfaceID-X2.c [m
-e Compiling [31m[1m /home/hpe/o-du-l2/src/codec_utils/E2SM_KPM/InterfaceID-Xn.c [m
-e Compiling [31m[1m /home/hpe/o-du-l2/src/codec_utils/E2SM_KPM/Interface-MessageID.c [m
-e Compiling [31m[1m /home/hpe/o-du-l2/src/codec_utils/E2SM_KPM/InterfaceType.c [m
-e Compiling [31m[1m /home/hpe/o-du-l2/src/codec_utils/E2SM_KPM/LabelInfoItem.c [m
-e Compiling [31m[1m /home/hpe/o-du-l2/src/codec_utils/E2SM_KPM/LabelInfoList.c [m
-e Compiling [31m[1m /home/hpe/o-du-l2/src/codec_utils/E2SM_KPM/LogicalOR.c [m
-e Compiling [31m[1m /home/hpe/o-du-l2/src/codec_utils/E2SM_KPM/MatchingCondItem.c [m
-e Compiling [31m[1m /home/hpe/o-du-l2/src/codec_utils/E2SM_KPM/MatchingCondItem-Choice.c [m
-e Compiling [31m[1m /home/hpe/o-du-l2/src/codec_utils/E2SM_KPM/MatchingCondList.c [m
-e Compiling [31m[1m /home/hpe/o-du-l2/src/codec_utils/E2SM_KPM/MatchingUeCondPerSubItem.c [m
-e Compiling [31m[1m /home/hpe/o-du-l2/src/codec_utils/E2SM_KPM/MatchingUeCondPerSubList.c [m
-e Compiling [31m[1m /home/hpe/o-du-l2/src/codec_utils/E2SM_KPM/MatchingUEidItem.c [m
-e Compiling [31m[1m /home/hpe/o-du-l2/src/codec_utils/E2SM_KPM/MatchingUEidItem-PerGP.c [m
-e Compiling [31m[1m /home/hpe/o-du-l2/src/codec_utils/E2SM_KPM/MatchingUEidList.c [m
-e Compiling [31m[1m /home/hpe/o-du-l2/src/codec_utils/E2SM_KPM/MatchingUEidList-PerGP.c [m
-e Compiling [31m[1m /home/hpe/o-du-l2/src/codec_utils/E2SM_KPM/MatchingUEidPerGP.c [m
-e Compiling [31m[1m /home/hpe/o-du-l2/src/codec_utils/E2SM_KPM/MatchingUEidPerGP-Item.c [m
-e Compiling [31m[1m /home/hpe/o-du-l2/src/codec_utils/E2SM_KPM/MatchingUEidPerSubItem.c [m
-e Compiling [31m[1m /home/hpe/o-du-l2/src/codec_utils/E2SM_KPM/MatchingUEidPerSubList.c [m
-e Compiling [31m[1m /home/hpe/o-du-l2/src/codec_utils/E2SM_KPM/MeasurementCondItem.c [m
-e Compiling [31m[1m /home/hpe/o-du-l2/src/codec_utils/E2SM_KPM/MeasurementCondList.c [m
-e Compiling [31m[1m /home/hpe/o-du-l2/src/codec_utils/E2SM_KPM/MeasurementCondUEidItem.c [m
-e Compiling [31m[1m /home/hpe/o-du-l2/src/codec_utils/E2SM_KPM/MeasurementCondUEidList.c [m
-e Compiling [31m[1m /home/hpe/o-du-l2/src/codec_utils/E2SM_KPM/MeasurementData.c [m
-e Compiling [31m[1m /home/hpe/o-du-l2/src/codec_utils/E2SM_KPM/MeasurementDataItem.c [m
-e Compiling [31m[1m /home/hpe/o-du-l2/src/codec_utils/E2SM_KPM/MeasurementInfo-Action-Item.c [m
-e Compiling [31m[1m /home/hpe/o-du-l2/src/codec_utils/E2SM_KPM/MeasurementInfo-Action-List.c [m
-e Compiling [31m[1m /home/hpe/o-du-l2/src/codec_utils/E2SM_KPM/MeasurementInfoItem.c [m
-e Compiling [31m[1m /home/hpe/o-du-l2/src/codec_utils/E2SM_KPM/MeasurementInfoList.c [m
-e Compiling [31m[1m /home/hpe/o-du-l2/src/codec_utils/E2SM_KPM/MeasurementLabel.c [m
-e Compiling [31m[1m /home/hpe/o-du-l2/src/codec_utils/E2SM_KPM/MeasurementRecord.c [m
-e Compiling [31m[1m /home/hpe/o-du-l2/src/codec_utils/E2SM_KPM/MeasurementRecordItem.c [m
-e Compiling [31m[1m /home/hpe/o-du-l2/src/codec_utils/E2SM_KPM/MeasurementType.c [m
-e Compiling [31m[1m /home/hpe/o-du-l2/src/codec_utils/E2SM_KPM/MeasurementTypeID.c [m
-e Compiling [31m[1m /home/hpe/o-du-l2/src/codec_utils/E2SM_KPM/MeasurementTypeName.c [m
-e Compiling [31m[1m /home/hpe/o-du-l2/src/codec_utils/E2SM_KPM/MME-Code.c [m
-e Compiling [31m[1m /home/hpe/o-du-l2/src/codec_utils/E2SM_KPM/MME-Group-ID.c [m
-e Compiling [31m[1m /home/hpe/o-du-l2/src/codec_utils/E2SM_KPM/MME-UE-S1AP-ID.c [m
-e Compiling [31m[1m /home/hpe/o-du-l2/src/codec_utils/E2SM_KPM/NGENB-CU-UE-W1AP-ID.c [m
-e Compiling [31m[1m /home/hpe/o-du-l2/src/codec_utils/E2SM_KPM/NgENB-ID.c [m
-e Compiling [31m[1m /home/hpe/o-du-l2/src/codec_utils/E2SM_KPM/NG-RANnodeUEXnAPID.c [m
-e Compiling [31m[1m /home/hpe/o-du-l2/src/codec_utils/E2SM_KPM/NR-ARFCN.c [m
-e Compiling [31m[1m /home/hpe/o-du-l2/src/codec_utils/E2SM_KPM/NR-CGI.c [m
-e Compiling [31m[1m /home/hpe/o-du-l2/src/codec_utils/E2SM_KPM/NRFrequencyBandItem.c [m
-e Compiling [31m[1m /home/hpe/o-du-l2/src/codec_utils/E2SM_KPM/NRFrequencyBand-List.c [m
-e Compiling [31m[1m /home/hpe/o-du-l2/src/codec_utils/E2SM_KPM/NRFrequencyInfo.c [m
-e Compiling [31m[1m /home/hpe/o-du-l2/src/codec_utils/E2SM_KPM/NRFrequencyShift7p5khz.c [m
-e Compiling [31m[1m /home/hpe/o-du-l2/src/codec_utils/E2SM_KPM/NR-PCI.c [m
-e Compiling [31m[1m /home/hpe/o-du-l2/src/codec_utils/E2SM_KPM/PLMNIdentity.c [m
-e Compiling [31m[1m /home/hpe/o-du-l2/src/codec_utils/E2SM_KPM/QosFlowIdentifier.c [m
-e Compiling [31m[1m /home/hpe/o-du-l2/src/codec_utils/E2SM_KPM/QoSID.c [m
-e Compiling [31m[1m /home/hpe/o-du-l2/src/codec_utils/E2SM_KPM/RANfunction-Name.c [m
-e Compiling [31m[1m /home/hpe/o-du-l2/src/codec_utils/E2SM_KPM/RANUEID.c [m
-e Compiling [31m[1m /home/hpe/o-du-l2/src/codec_utils/E2SM_KPM/RIC-EventTriggerStyle-Item.c [m
-e Compiling [31m[1m /home/hpe/o-du-l2/src/codec_utils/E2SM_KPM/RIC-Format-Type.c [m
-e Compiling [31m[1m /home/hpe/o-du-l2/src/codec_utils/E2SM_KPM/RIC-ReportStyle-Item.c [m
-e Compiling [31m[1m /home/hpe/o-du-l2/src/codec_utils/E2SM_KPM/RIC-Style-Name.c [m
-e Compiling [31m[1m /home/hpe/o-du-l2/src/codec_utils/E2SM_KPM/RIC-Style-Type.c [m
-e Compiling [31m[1m /home/hpe/o-du-l2/src/codec_utils/E2SM_KPM/RRCclass-LTE.c [m
-e Compiling [31m[1m /home/hpe/o-du-l2/src/codec_utils/E2SM_KPM/RRCclass-NR.c [m
-e Compiling [31m[1m /home/hpe/o-du-l2/src/codec_utils/E2SM_KPM/RRC-MessageID.c [m
-e Compiling [31m[1m /home/hpe/o-du-l2/src/codec_utils/E2SM_KPM/SD.c [m
-e Compiling [31m[1m /home/hpe/o-du-l2/src/codec_utils/E2SM_KPM/ServingCell-ARFCN.c [m
-e Compiling [31m[1m /home/hpe/o-du-l2/src/codec_utils/E2SM_KPM/ServingCell-PCI.c [m
-e Compiling [31m[1m /home/hpe/o-du-l2/src/codec_utils/E2SM_KPM/S-NSSAI.c [m
-e Compiling [31m[1m /home/hpe/o-du-l2/src/codec_utils/E2SM_KPM/SST.c [m
-e Compiling [31m[1m /home/hpe/o-du-l2/src/codec_utils/E2SM_KPM/SupportedSULBandList.c [m
-e Compiling [31m[1m /home/hpe/o-du-l2/src/codec_utils/E2SM_KPM/TestCond-Expression.c [m
-e Compiling [31m[1m /home/hpe/o-du-l2/src/codec_utils/E2SM_KPM/TestCondInfo.c [m
-e Compiling [31m[1m /home/hpe/o-du-l2/src/codec_utils/E2SM_KPM/TestCond-Type.c [m
-e Compiling [31m[1m /home/hpe/o-du-l2/src/codec_utils/E2SM_KPM/TestCond-Value.c [m
-e Compiling [31m[1m /home/hpe/o-du-l2/src/codec_utils/E2SM_KPM/TimeStamp.c [m
-e Compiling [31m[1m /home/hpe/o-du-l2/src/codec_utils/E2SM_KPM/UEID.c [m
-e Compiling [31m[1m /home/hpe/o-du-l2/src/codec_utils/E2SM_KPM/UEID-ENB.c [m
-e Compiling [31m[1m /home/hpe/o-du-l2/src/codec_utils/E2SM_KPM/UEID-EN-GNB.c [m
-e Compiling [31m[1m /home/hpe/o-du-l2/src/codec_utils/E2SM_KPM/UEID-GNB.c [m
-e Compiling [31m[1m /home/hpe/o-du-l2/src/codec_utils/E2SM_KPM/UEID-GNB-CU-CP-E1AP-ID-Item.c [m
-e Compiling [31m[1m /home/hpe/o-du-l2/src/codec_utils/E2SM_KPM/UEID-GNB-CU-CP-E1AP-ID-List.c [m
-e Compiling [31m[1m /home/hpe/o-du-l2/src/codec_utils/E2SM_KPM/UEID-GNB-CU-CP-F1AP-ID-Item.c [m
-e Compiling [31m[1m /home/hpe/o-du-l2/src/codec_utils/E2SM_KPM/UEID-GNB-CU-F1AP-ID-List.c [m
-e Compiling [31m[1m /home/hpe/o-du-l2/src/codec_utils/E2SM_KPM/UEID-GNB-CU-UP.c [m
-e Compiling [31m[1m /home/hpe/o-du-l2/src/codec_utils/E2SM_KPM/UEID-GNB-DU.c [m
-e Compiling [31m[1m /home/hpe/o-du-l2/src/codec_utils/E2SM_KPM/UEID-NG-ENB.c [m
-e Compiling [31m[1m /home/hpe/o-du-l2/src/codec_utils/E2SM_KPM/UEID-NG-ENB-DU.c [m
-e Compiling [31m[1m /home/hpe/o-du-l2/src/codec_utils/E2SM_KPM/UEMeasurementReportItem.c [m
-e Compiling [31m[1m /home/hpe/o-du-l2/src/codec_utils/E2SM_KPM/UEMeasurementReportList.c [m
-e Creating Archive [31m[1m /home/hpe/o-du-l2/build/odu/lib/odu/libasn_e2ap.a [m
make[1]: Leaving directory '/home/hpe/o-du-l2/build/odu'
make[1]: Entering directory '/home/hpe/o-du-l2/build/odu'
-e Compiling [31m[1m /home/hpe/o-du-l2/src/codec_utils/RRC/AccessStratumRelease.c [m
-e Compiling [31m[1m /home/hpe/o-du-l2/src/codec_utils/RRC/AdditionalSpectrumEmission.c [m
-e Compiling [31m[1m /home/hpe/o-du-l2/src/codec_utils/RRC/AffectedCarrierFreqCombEUTRA.c [m
-e Compiling [31m[1m /home/hpe/o-du-l2/src/codec_utils/RRC/AffectedCarrierFreqCombInfoMRDC.c [m
-e Compiling [31m[1m /home/hpe/o-du-l2/src/codec_utils/RRC/AffectedCarrierFreqCombNR.c [m
-e Compiling [31m[1m /home/hpe/o-du-l2/src/codec_utils/RRC/AggregatedBandwidth.c [m
-e Compiling [31m[1m /home/hpe/o-du-l2/src/codec_utils/RRC/Alpha.c [m
-e Compiling [31m[1m /home/hpe/o-du-l2/src/codec_utils/RRC/AMF-Identifier.c [m
-e Compiling [31m[1m /home/hpe/o-du-l2/src/codec_utils/RRC/ARFCN-ValueEUTRA.c [m
-e Compiling [31m[1m /home/hpe/o-du-l2/src/codec_utils/RRC/ARFCN-ValueNR.c [m
-e Compiling [31m[1m /home/hpe/o-du-l2/src/codec_utils/RRC/AS-Config.c [m
-e Compiling [31m[1m /home/hpe/o-du-l2/src/codec_utils/RRC/AS-Context.c [m
-e Compiling [31m[1m /home/hpe/o-du-l2/src/codec_utils/RRC/BandCombination.c [m
-e Compiling [31m[1m /home/hpe/o-du-l2/src/codec_utils/RRC/BandCombinationIndex.c [m
-e Compiling [31m[1m /home/hpe/o-du-l2/src/codec_utils/RRC/BandCombinationInfo.c [m
-e Compiling [31m[1m /home/hpe/o-du-l2/src/codec_utils/RRC/BandCombinationInfoList.c [m
-e Compiling [31m[1m /home/hpe/o-du-l2/src/codec_utils/RRC/BandCombinationInfoSN.c [m
-e Compiling [31m[1m /home/hpe/o-du-l2/src/codec_utils/RRC/BandCombinationList.c [m
-e Compiling [31m[1m /home/hpe/o-du-l2/src/codec_utils/RRC/BandNR.c [m
-e Compiling [31m[1m /home/hpe/o-du-l2/src/codec_utils/RRC/BandParameters.c [m
-e Compiling [31m[1m /home/hpe/o-du-l2/src/codec_utils/RRC/BCCH-BCH-Message.c [m
-e Compiling [31m[1m /home/hpe/o-du-l2/src/codec_utils/RRC/BCCH-BCH-MessageType.c [m
-e Compiling [31m[1m /home/hpe/o-du-l2/src/codec_utils/RRC/BCCH-Config.c [m
-e Compiling [31m[1m /home/hpe/o-du-l2/src/codec_utils/RRC/BCCH-DL-SCH-Message.c [m
-e Compiling [31m[1m /home/hpe/o-du-l2/src/codec_utils/RRC/BCCH-DL-SCH-MessageType.c [m
-e Compiling [31m[1m /home/hpe/o-du-l2/src/codec_utils/RRC/BeamFailureRecoveryConfig.c [m
-e Compiling [31m[1m /home/hpe/o-du-l2/src/codec_utils/RRC/BeamManagementSSB-CSI-RS.c [m
-e Compiling [31m[1m /home/hpe/o-du-l2/src/codec_utils/RRC/BetaOffsets.c [m
-e Compiling [31m[1m /home/hpe/o-du-l2/src/codec_utils/RRC/BFR-CSIRS-Resource.c [m
-e Compiling [31m[1m /home/hpe/o-du-l2/src/codec_utils/RRC/BFR-SSB-Resource.c [m
-e Compiling [31m[1m /home/hpe/o-du-l2/src/codec_utils/RRC/BSR-Config.c [m
-e Compiling [31m[1m /home/hpe/o-du-l2/src/codec_utils/RRC/BWP.c [m
-e Compiling [31m[1m /home/hpe/o-du-l2/src/codec_utils/RRC/BWP-Downlink.c [m
-e Compiling [31m[1m /home/hpe/o-du-l2/src/codec_utils/RRC/BWP-DownlinkCommon.c [m
-e Compiling [31m[1m /home/hpe/o-du-l2/src/codec_utils/RRC/BWP-DownlinkDedicated.c [m
-e Compiling [31m[1m /home/hpe/o-du-l2/src/codec_utils/RRC/BWP-Id.c [m
-e Compiling [31m[1m /home/hpe/o-du-l2/src/codec_utils/RRC/BWP-Uplink.c [m
-e Compiling [31m[1m /home/hpe/o-du-l2/src/codec_utils/RRC/BWP-UplinkCommon.c [m
-e Compiling [31m[1m /home/hpe/o-du-l2/src/codec_utils/RRC/BWP-UplinkDedicated.c [m
-e Compiling [31m[1m /home/hpe/o-du-l2/src/codec_utils/RRC/CA-BandwidthClassEUTRA.c [m
-e Compiling [31m[1m /home/hpe/o-du-l2/src/codec_utils/RRC/CA-BandwidthClassNR.c [m
-e Compiling [31m[1m /home/hpe/o-du-l2/src/codec_utils/RRC/CandidateServingFreqListNR.c [m
-e Compiling [31m[1m /home/hpe/o-du-l2/src/codec_utils/RRC/CA-ParametersEUTRA.c [m
-e Compiling [31m[1m /home/hpe/o-du-l2/src/codec_utils/RRC/CA-ParametersNR.c [m
-e Compiling [31m[1m /home/hpe/o-du-l2/src/codec_utils/RRC/CarrierFreqEUTRA.c [m
-e Compiling [31m[1m /home/hpe/o-du-l2/src/codec_utils/RRC/CarrierFreqListEUTRA.c [m
-e Compiling [31m[1m /home/hpe/o-du-l2/src/codec_utils/RRC/CarrierInfoNR.c [m
-e Compiling [31m[1m /home/hpe/o-du-l2/src/codec_utils/RRC/CellAccessRelatedInfo.c [m
-e Compiling [31m[1m /home/hpe/o-du-l2/src/codec_utils/RRC/CellAccessRelatedInfo-EUTRA-5GC.c [m
-e Compiling [31m[1m /home/hpe/o-du-l2/src/codec_utils/RRC/CellAccessRelatedInfo-EUTRA-EPC.c [m
-e Compiling [31m[1m /home/hpe/o-du-l2/src/codec_utils/RRC/CellGroupConfigRrc.c [m
-e Compiling [31m[1m /home/hpe/o-du-l2/src/codec_utils/RRC/CellGroupId.c [m
-e Compiling [31m[1m /home/hpe/o-du-l2/src/codec_utils/RRC/CellIdentity.c [m
-e Compiling [31m[1m /home/hpe/o-du-l2/src/codec_utils/RRC/CellIdentity-EUTRA-5GC.c [m
-e Compiling [31m[1m /home/hpe/o-du-l2/src/codec_utils/RRC/CellReselectionPriorities.c [m
-e Compiling [31m[1m /home/hpe/o-du-l2/src/codec_utils/RRC/CellReselectionPriority.c [m
-e Compiling [31m[1m /home/hpe/o-du-l2/src/codec_utils/RRC/CellReselectionSubPriority.c [m
-e Compiling [31m[1m /home/hpe/o-du-l2/src/codec_utils/RRC/CellsToAddMod.c [m
-e Compiling [31m[1m /home/hpe/o-du-l2/src/codec_utils/RRC/CellsToAddModList.c [m
-e Compiling [31m[1m /home/hpe/o-du-l2/src/codec_utils/RRC/CellsTriggeredList.c [m
-e Compiling [31m[1m /home/hpe/o-du-l2/src/codec_utils/RRC/CFRA.c [m
-e Compiling [31m[1m /home/hpe/o-du-l2/src/codec_utils/RRC/CFRA-CSIRS-Resource.c [m
-e Compiling [31m[1m /home/hpe/o-du-l2/src/codec_utils/RRC/CFRA-SSB-Resource.c [m
-e Compiling [31m[1m /home/hpe/o-du-l2/src/codec_utils/RRC/CG-Config.c [m
-e Compiling [31m[1m /home/hpe/o-du-l2/src/codec_utils/RRC/CG-Config-IEs.c [m
-e Compiling [31m[1m /home/hpe/o-du-l2/src/codec_utils/RRC/CG-ConfigInfo-IEs.c [m
-e Compiling [31m[1m /home/hpe/o-du-l2/src/codec_utils/RRC/CG-ConfigInfoRrc.c [m
-e Compiling [31m[1m /home/hpe/o-du-l2/src/codec_utils/RRC/CGI-Info.c [m
-e Compiling [31m[1m /home/hpe/o-du-l2/src/codec_utils/RRC/CG-UCI-OnPUSCH.c [m
-e Compiling [31m[1m /home/hpe/o-du-l2/src/codec_utils/RRC/CipheringAlgorithm.c [m
-e Compiling [31m[1m /home/hpe/o-du-l2/src/codec_utils/RRC/CodebookConfig.c [m
-e Compiling [31m[1m /home/hpe/o-du-l2/src/codec_utils/RRC/ConfigRestrictInfoSCG.c [m
-e Compiling [31m[1m /home/hpe/o-du-l2/src/codec_utils/RRC/ConfigRestrictModReqSCG.c [m
-e Compiling [31m[1m /home/hpe/o-du-l2/src/codec_utils/RRC/ConfiguredGrantConfig.c [m
-e Compiling [31m[1m /home/hpe/o-du-l2/src/codec_utils/RRC/ConnEstFailureControl.c [m
-e Compiling [31m[1m /home/hpe/o-du-l2/src/codec_utils/RRC/ControlResourceSet.c [m
-e Compiling [31m[1m /home/hpe/o-du-l2/src/codec_utils/RRC/ControlResourceSetId.c [m
-e Compiling [31m[1m /home/hpe/o-du-l2/src/codec_utils/RRC/ControlResourceSetZero.c [m
-e Compiling [31m[1m /home/hpe/o-du-l2/src/codec_utils/RRC/CounterCheck.c [m
-e Compiling [31m[1m /home/hpe/o-du-l2/src/codec_utils/RRC/CounterCheck-IEs.c [m
-e Compiling [31m[1m /home/hpe/o-du-l2/src/codec_utils/RRC/CounterCheckResponse.c [m
-e Compiling [31m[1m /home/hpe/o-du-l2/src/codec_utils/RRC/CounterCheckResponse-IEs.c [m
-e Compiling [31m[1m /home/hpe/o-du-l2/src/codec_utils/RRC/CrossCarrierSchedulingConfig.c [m
-e Compiling [31m[1m /home/hpe/o-du-l2/src/codec_utils/RRC/CSI-AperiodicTriggerState.c [m
-e Compiling [31m[1m /home/hpe/o-du-l2/src/codec_utils/RRC/CSI-AperiodicTriggerStateList.c [m
-e Compiling [31m[1m /home/hpe/o-du-l2/src/codec_utils/RRC/CSI-AssociatedReportConfigInfo.c [m
-e Compiling [31m[1m /home/hpe/o-du-l2/src/codec_utils/RRC/CSI-FrequencyOccupation.c [m
-e Compiling [31m[1m /home/hpe/o-du-l2/src/codec_utils/RRC/CSI-IM-Resource.c [m
-e Compiling [31m[1m /home/hpe/o-du-l2/src/codec_utils/RRC/CSI-IM-ResourceId.c [m
-e Compiling [31m[1m /home/hpe/o-du-l2/src/codec_utils/RRC/CSI-IM-ResourceSet.c [m
-e Compiling [31m[1m /home/hpe/o-du-l2/src/codec_utils/RRC/CSI-IM-ResourceSetId.c [m
-e Compiling [31m[1m /home/hpe/o-du-l2/src/codec_utils/RRC/CSI-MeasConfig.c [m
-e Compiling [31m[1m /home/hpe/o-du-l2/src/codec_utils/RRC/CSI-ReportConfig.c [m
-e Compiling [31m[1m /home/hpe/o-du-l2/src/codec_utils/RRC/CSI-ReportConfigId.c [m
-e Compiling [31m[1m /home/hpe/o-du-l2/src/codec_utils/RRC/CSI-ReportFramework.c [m
-e Compiling [31m[1m /home/hpe/o-du-l2/src/codec_utils/RRC/CSI-ReportPeriodicityAndOffset.c [m
-e Compiling [31m[1m /home/hpe/o-du-l2/src/codec_utils/RRC/CSI-ResourceConfig.c [m
-e Compiling [31m[1m /home/hpe/o-du-l2/src/codec_utils/RRC/CSI-ResourceConfigId.c [m
-e Compiling [31m[1m /home/hpe/o-du-l2/src/codec_utils/RRC/CSI-ResourcePeriodicityAndOffset.c [m
-e Compiling [31m[1m /home/hpe/o-du-l2/src/codec_utils/RRC/CSI-RS-CellMobility.c [m
-e Compiling [31m[1m /home/hpe/o-du-l2/src/codec_utils/RRC/CSI-RS-ForTracking.c [m
-e Compiling [31m[1m /home/hpe/o-du-l2/src/codec_utils/RRC/CSI-RS-IM-ReceptionForFeedback.c [m
-e Compiling [31m[1m /home/hpe/o-du-l2/src/codec_utils/RRC/CSI-RS-Index.c [m
-e Compiling [31m[1m /home/hpe/o-du-l2/src/codec_utils/RRC/CSI-RS-ResourceConfigMobility.c [m
-e Compiling [31m[1m /home/hpe/o-du-l2/src/codec_utils/RRC/CSI-RS-ResourceMapping.c [m
-e Compiling [31m[1m /home/hpe/o-du-l2/src/codec_utils/RRC/CSI-RS-Resource-Mobility.c [m
-e Compiling [31m[1m /home/hpe/o-du-l2/src/codec_utils/RRC/CSI-SemiPersistentOnPUSCH-TriggerState.c [m
-e Compiling [31m[1m /home/hpe/o-du-l2/src/codec_utils/RRC/CSI-SemiPersistentOnPUSCH-TriggerStateList.c [m
-e Compiling [31m[1m /home/hpe/o-du-l2/src/codec_utils/RRC/CSI-SSB-ResourceSet.c [m
-e Compiling [31m[1m /home/hpe/o-du-l2/src/codec_utils/RRC/CSI-SSB-ResourceSetId.c [m
-e Compiling [31m[1m /home/hpe/o-du-l2/src/codec_utils/RRC/DataInactivityTimer.c [m
-e Compiling [31m[1m /home/hpe/o-du-l2/src/codec_utils/RRC/DedicatedNAS-Message.c [m
-e Compiling [31m[1m /home/hpe/o-du-l2/src/codec_utils/RRC/DelayBudgetReport.c [m
-e Compiling [31m[1m /home/hpe/o-du-l2/src/codec_utils/RRC/DL-AM-RLC.c [m
-e Compiling [31m[1m /home/hpe/o-du-l2/src/codec_utils/RRC/DL-CCCH-Message.c [m
-e Compiling [31m[1m /home/hpe/o-du-l2/src/codec_utils/RRC/DL-CCCH-MessageType.c [m
-e Compiling [31m[1m /home/hpe/o-du-l2/src/codec_utils/RRC/DL-DCCH-Message.c [m
-e Compiling [31m[1m /home/hpe/o-du-l2/src/codec_utils/RRC/DL-DCCH-MessageType.c [m
-e Compiling [31m[1m /home/hpe/o-du-l2/src/codec_utils/RRC/DLInformationTransfer.c [m
-e Compiling [31m[1m /home/hpe/o-du-l2/src/codec_utils/RRC/DLInformationTransfer-IEs.c [m
-e Compiling [31m[1m /home/hpe/o-du-l2/src/codec_utils/RRC/DL-UM-RLC.c [m
-e Compiling [31m[1m /home/hpe/o-du-l2/src/codec_utils/RRC/DMRS-DownlinkConfig.c [m
-e Compiling [31m[1m /home/hpe/o-du-l2/src/codec_utils/RRC/DMRS-UplinkConfig.c [m
-e Compiling [31m[1m /home/hpe/o-du-l2/src/codec_utils/RRC/DownlinkConfigCommon.c [m
-e Compiling [31m[1m /home/hpe/o-du-l2/src/codec_utils/RRC/DownlinkConfigCommonSIB.c [m
-e Compiling [31m[1m /home/hpe/o-du-l2/src/codec_utils/RRC/DownlinkPreemption.c [m
-e Compiling [31m[1m /home/hpe/o-du-l2/src/codec_utils/RRC/DRB-CountInfo.c [m
-e Compiling [31m[1m /home/hpe/o-du-l2/src/codec_utils/RRC/DRB-CountInfoList.c [m
-e Compiling [31m[1m /home/hpe/o-du-l2/src/codec_utils/RRC/DRB-CountMSB-Info.c [m
-e Compiling [31m[1m /home/hpe/o-du-l2/src/codec_utils/RRC/DRB-CountMSB-InfoList.c [m
-e Compiling [31m[1m /home/hpe/o-du-l2/src/codec_utils/RRC/DRB-Identity.c [m
-e Compiling [31m[1m /home/hpe/o-du-l2/src/codec_utils/RRC/DRB-ToAddMod.c [m
-e Compiling [31m[1m /home/hpe/o-du-l2/src/codec_utils/RRC/DRB-ToAddModList.c [m
-e Compiling [31m[1m /home/hpe/o-du-l2/src/codec_utils/RRC/DRB-ToReleaseList.c [m
-e Compiling [31m[1m /home/hpe/o-du-l2/src/codec_utils/RRC/DRX-ConfigRrc.c [m
-e Compiling [31m[1m /home/hpe/o-du-l2/src/codec_utils/RRC/DRX-Info.c [m
-e Compiling [31m[1m /home/hpe/o-du-l2/src/codec_utils/RRC/EstablishmentCause.c [m
-e Compiling [31m[1m /home/hpe/o-du-l2/src/codec_utils/RRC/EUTRA-AllowedMeasBandwidth.c [m
-e Compiling [31m[1m /home/hpe/o-du-l2/src/codec_utils/RRC/EUTRA-BlackCell.c [m
-e Compiling [31m[1m /home/hpe/o-du-l2/src/codec_utils/RRC/EUTRA-Cell.c [m
-e Compiling [31m[1m /home/hpe/o-du-l2/src/codec_utils/RRC/EUTRA-CellIndex.c [m
-e Compiling [31m[1m /home/hpe/o-du-l2/src/codec_utils/RRC/EUTRA-CellIndexList.c [m
-e Compiling [31m[1m /home/hpe/o-du-l2/src/codec_utils/RRC/EUTRA-FreqBlackCellList.c [m
-e Compiling [31m[1m /home/hpe/o-du-l2/src/codec_utils/RRC/EUTRA-FreqNeighCellInfo.c [m
-e Compiling [31m[1m /home/hpe/o-du-l2/src/codec_utils/RRC/EUTRA-FreqNeighCellList.c [m
-e Compiling [31m[1m /home/hpe/o-du-l2/src/codec_utils/RRC/EUTRA-MBSFN-SubframeConfig.c [m
-e Compiling [31m[1m /home/hpe/o-du-l2/src/codec_utils/RRC/EUTRA-MBSFN-SubframeConfigList.c [m
-e Compiling [31m[1m /home/hpe/o-du-l2/src/codec_utils/RRC/EUTRA-MultiBandInfo.c [m
-e Compiling [31m[1m /home/hpe/o-du-l2/src/codec_utils/RRC/EUTRA-MultiBandInfoList.c [m
-e Compiling [31m[1m /home/hpe/o-du-l2/src/codec_utils/RRC/EUTRA-NS-PmaxList.c [m
-e Compiling [31m[1m /home/hpe/o-du-l2/src/codec_utils/RRC/EUTRA-NS-PmaxValue.c [m
-e Compiling [31m[1m /home/hpe/o-du-l2/src/codec_utils/RRC/EUTRA-Parameters.c [m
-e Compiling [31m[1m /home/hpe/o-du-l2/src/codec_utils/RRC/EUTRA-ParametersCommon.c [m
-e Compiling [31m[1m /home/hpe/o-du-l2/src/codec_utils/RRC/EUTRA-ParametersXDD-Diff.c [m
-e Compiling [31m[1m /home/hpe/o-du-l2/src/codec_utils/RRC/EUTRA-PhysCellId.c [m
-e Compiling [31m[1m /home/hpe/o-du-l2/src/codec_utils/RRC/EUTRA-PhysCellIdRange.c [m
-e Compiling [31m[1m /home/hpe/o-du-l2/src/codec_utils/RRC/EUTRA-PresenceAntennaPort1.c [m
-e Compiling [31m[1m /home/hpe/o-du-l2/src/codec_utils/RRC/EUTRA-Q-OffsetRange.c [m
-e Compiling [31m[1m /home/hpe/o-du-l2/src/codec_utils/RRC/EUTRA-RSTD-Info.c [m
-e Compiling [31m[1m /home/hpe/o-du-l2/src/codec_utils/RRC/EUTRA-RSTD-InfoList.c [m
-e Compiling [31m[1m /home/hpe/o-du-l2/src/codec_utils/RRC/EventTriggerConfig.c [m
-e Compiling [31m[1m /home/hpe/o-du-l2/src/codec_utils/RRC/EventTriggerConfigInterRAT.c [m
-e Compiling [31m[1m /home/hpe/o-du-l2/src/codec_utils/RRC/FailureInfoRLC-Bearer.c [m
-e Compiling [31m[1m /home/hpe/o-du-l2/src/codec_utils/RRC/FailureInformation.c [m
-e Compiling [31m[1m /home/hpe/o-du-l2/src/codec_utils/RRC/FailureInformation-IEs.c [m
-e Compiling [31m[1m /home/hpe/o-du-l2/src/codec_utils/RRC/FeatureSet.c [m
-e Compiling [31m[1m /home/hpe/o-du-l2/src/codec_utils/RRC/FeatureSetCombination.c [m
-e Compiling [31m[1m /home/hpe/o-du-l2/src/codec_utils/RRC/FeatureSetCombinationId.c [m
-e Compiling [31m[1m /home/hpe/o-du-l2/src/codec_utils/RRC/FeatureSetDownlink.c [m
-e Compiling [31m[1m /home/hpe/o-du-l2/src/codec_utils/RRC/FeatureSetDownlinkId.c [m
-e Compiling [31m[1m /home/hpe/o-du-l2/src/codec_utils/RRC/FeatureSetDownlinkPerCC.c [m
-e Compiling [31m[1m /home/hpe/o-du-l2/src/codec_utils/RRC/FeatureSetDownlinkPerCC-Id.c [m
-e Compiling [31m[1m /home/hpe/o-du-l2/src/codec_utils/RRC/FeatureSetEntryIndex.c [m
-e Compiling [31m[1m /home/hpe/o-du-l2/src/codec_utils/RRC/FeatureSetEUTRA-DownlinkId.c [m
-e Compiling [31m[1m /home/hpe/o-du-l2/src/codec_utils/RRC/FeatureSetEUTRA-UplinkId.c [m
-e Compiling [31m[1m /home/hpe/o-du-l2/src/codec_utils/RRC/FeatureSets.c [m
-e Compiling [31m[1m /home/hpe/o-du-l2/src/codec_utils/RRC/FeatureSetsPerBand.c [m
-e Compiling [31m[1m /home/hpe/o-du-l2/src/codec_utils/RRC/FeatureSetUplink.c [m
-e Compiling [31m[1m /home/hpe/o-du-l2/src/codec_utils/RRC/FeatureSetUplinkId.c [m
-e Compiling [31m[1m /home/hpe/o-du-l2/src/codec_utils/RRC/FeatureSetUplinkPerCC.c [m
-e Compiling [31m[1m /home/hpe/o-du-l2/src/codec_utils/RRC/FeatureSetUplinkPerCC-Id.c [m
-e Compiling [31m[1m /home/hpe/o-du-l2/src/codec_utils/RRC/FilterCoefficient.c [m
-e Compiling [31m[1m /home/hpe/o-du-l2/src/codec_utils/RRC/FilterConfig.c [m
-e Compiling [31m[1m /home/hpe/o-du-l2/src/codec_utils/RRC/FreqBandIndicatorEUTRA.c [m
-e Compiling [31m[1m /home/hpe/o-du-l2/src/codec_utils/RRC/FreqBandIndicatorNR.c [m
-e Compiling [31m[1m /home/hpe/o-du-l2/src/codec_utils/RRC/FreqBandInformation.c [m
-e Compiling [31m[1m /home/hpe/o-du-l2/src/codec_utils/RRC/FreqBandInformationEUTRA.c [m
-e Compiling [31m[1m /home/hpe/o-du-l2/src/codec_utils/RRC/FreqBandInformationNR.c [m
-e Compiling [31m[1m /home/hpe/o-du-l2/src/codec_utils/RRC/FreqBandList.c [m
-e Compiling [31m[1m /home/hpe/o-du-l2/src/codec_utils/RRC/FreqPriorityEUTRA.c [m
-e Compiling [31m[1m /home/hpe/o-du-l2/src/codec_utils/RRC/FreqPriorityListEUTRA.c [m
-e Compiling [31m[1m /home/hpe/o-du-l2/src/codec_utils/RRC/FreqPriorityListNR.c [m
-e Compiling [31m[1m /home/hpe/o-du-l2/src/codec_utils/RRC/FreqPriorityNR.c [m
-e Compiling [31m[1m /home/hpe/o-du-l2/src/codec_utils/RRC/FreqSeparationClass.c [m
-e Compiling [31m[1m /home/hpe/o-du-l2/src/codec_utils/RRC/FrequencyInfoDL.c [m
-e Compiling [31m[1m /home/hpe/o-du-l2/src/codec_utils/RRC/FrequencyInfoDL-SIB.c [m
-e Compiling [31m[1m /home/hpe/o-du-l2/src/codec_utils/RRC/FrequencyInfoUL.c [m
-e Compiling [31m[1m /home/hpe/o-du-l2/src/codec_utils/RRC/FrequencyInfoUL-SIB.c [m
-e Compiling [31m[1m /home/hpe/o-du-l2/src/codec_utils/RRC/FR-Info.c [m
-e Compiling [31m[1m /home/hpe/o-du-l2/src/codec_utils/RRC/FR-InfoList.c [m
-e Compiling [31m[1m /home/hpe/o-du-l2/src/codec_utils/RRC/GapConfig.c [m
-e Compiling [31m[1m /home/hpe/o-du-l2/src/codec_utils/RRC/GeneralParametersMRDC-XDD-Diff.c [m
-e Compiling [31m[1m /home/hpe/o-du-l2/src/codec_utils/RRC/HandoverCommand.c [m
-e Compiling [31m[1m /home/hpe/o-du-l2/src/codec_utils/RRC/HandoverCommand-IEs.c [m
-e Compiling [31m[1m /home/hpe/o-du-l2/src/codec_utils/RRC/HandoverPreparationInformationRrc.c [m
-e Compiling [31m[1m /home/hpe/o-du-l2/src/codec_utils/RRC/HandoverPreparationInformationRrc-IEs.c [m
-e Compiling [31m[1m /home/hpe/o-du-l2/src/codec_utils/RRC/Hysteresis.c [m
-e Compiling [31m[1m /home/hpe/o-du-l2/src/codec_utils/RRC/InitialUE-Identity.c [m
-e Compiling [31m[1m /home/hpe/o-du-l2/src/codec_utils/RRC/INT-ConfigurationPerServingCell.c [m
-e Compiling [31m[1m /home/hpe/o-du-l2/src/codec_utils/RRC/IntegrityProtAlgorithm.c [m
-e Compiling [31m[1m /home/hpe/o-du-l2/src/codec_utils/RRC/InterFreqBlackCellList.c [m
-e Compiling [31m[1m /home/hpe/o-du-l2/src/codec_utils/RRC/InterFreqCarrierFreqInfo.c [m
-e Compiling [31m[1m /home/hpe/o-du-l2/src/codec_utils/RRC/InterFreqCarrierFreqList.c [m
-e Compiling [31m[1m /home/hpe/o-du-l2/src/codec_utils/RRC/InterFreqNeighCellInfo.c [m
-e Compiling [31m[1m /home/hpe/o-du-l2/src/codec_utils/RRC/InterFreqNeighCellList.c [m
-e Compiling [31m[1m /home/hpe/o-du-l2/src/codec_utils/RRC/InterRAT-Parameters.c [m
-e Compiling [31m[1m /home/hpe/o-du-l2/src/codec_utils/RRC/IntraFreqBlackCellList.c [m
-e Compiling [31m[1m /home/hpe/o-du-l2/src/codec_utils/RRC/IntraFreqNeighCellInfo.c [m
-e Compiling [31m[1m /home/hpe/o-du-l2/src/codec_utils/RRC/IntraFreqNeighCellList.c [m
-e Compiling [31m[1m /home/hpe/o-du-l2/src/codec_utils/RRC/I-RNTI-Value.c [m
-e Compiling [31m[1m /home/hpe/o-du-l2/src/codec_utils/RRC/LocationMeasurementIndication.c [m
-e Compiling [31m[1m /home/hpe/o-du-l2/src/codec_utils/RRC/LocationMeasurementIndication-IEs.c [m
-e Compiling [31m[1m /home/hpe/o-du-l2/src/codec_utils/RRC/LocationMeasurementInfo.c [m
-e Compiling [31m[1m /home/hpe/o-du-l2/src/codec_utils/RRC/LogicalChannelConfig.c [m
-e Compiling [31m[1m /home/hpe/o-du-l2/src/codec_utils/RRC/LogicalChannelIdentity.c [m
-e Compiling [31m[1m /home/hpe/o-du-l2/src/codec_utils/RRC/MAC-CellGroupConfig.c [m
-e Compiling [31m[1m /home/hpe/o-du-l2/src/codec_utils/RRC/MAC-Parameters.c [m
-e Compiling [31m[1m /home/hpe/o-du-l2/src/codec_utils/RRC/MAC-ParametersCommon.c [m
-e Compiling [31m[1m /home/hpe/o-du-l2/src/codec_utils/RRC/MAC-ParametersXDD-Diff.c [m
-e Compiling [31m[1m /home/hpe/o-du-l2/src/codec_utils/RRC/MasterKeyUpdate.c [m
-e Compiling [31m[1m /home/hpe/o-du-l2/src/codec_utils/RRC/MCC.c [m
-e Compiling [31m[1m /home/hpe/o-du-l2/src/codec_utils/RRC/MCC-MNC-Digit.c [m
-e Compiling [31m[1m /home/hpe/o-du-l2/src/codec_utils/RRC/MeasAndMobParameters.c [m
-e Compiling [31m[1m /home/hpe/o-du-l2/src/codec_utils/RRC/MeasAndMobParametersCommon.c [m
-e Compiling [31m[1m /home/hpe/o-du-l2/src/codec_utils/RRC/MeasAndMobParametersFRX-Diff.c [m
-e Compiling [31m[1m /home/hpe/o-du-l2/src/codec_utils/RRC/MeasAndMobParametersMRDC.c [m
-e Compiling [31m[1m /home/hpe/o-du-l2/src/codec_utils/RRC/MeasAndMobParametersMRDC-Common.c [m
-e Compiling [31m[1m /home/hpe/o-du-l2/src/codec_utils/RRC/MeasAndMobParametersMRDC-FRX-Diff.c [m
-e Compiling [31m[1m /home/hpe/o-du-l2/src/codec_utils/RRC/MeasAndMobParametersMRDC-XDD-Diff.c [m
-e Compiling [31m[1m /home/hpe/o-du-l2/src/codec_utils/RRC/MeasAndMobParametersXDD-Diff.c [m
-e Compiling [31m[1m /home/hpe/o-du-l2/src/codec_utils/RRC/MeasConfigMN.c [m
-e Compiling [31m[1m /home/hpe/o-du-l2/src/codec_utils/RRC/MeasConfigRrc.c [m
-e Compiling [31m[1m /home/hpe/o-du-l2/src/codec_utils/RRC/MeasConfigSN.c [m
-e Compiling [31m[1m /home/hpe/o-du-l2/src/codec_utils/RRC/MeasGapConfigRrc.c [m
-e Compiling [31m[1m /home/hpe/o-du-l2/src/codec_utils/RRC/MeasGapSharingConfig.c [m
-e Compiling [31m[1m /home/hpe/o-du-l2/src/codec_utils/RRC/MeasGapSharingScheme.c [m
-e Compiling [31m[1m /home/hpe/o-du-l2/src/codec_utils/RRC/MeasId.c [m
-e Compiling [31m[1m /home/hpe/o-du-l2/src/codec_utils/RRC/MeasIdToAddMod.c [m
-e Compiling [31m[1m /home/hpe/o-du-l2/src/codec_utils/RRC/MeasIdToAddModList.c [m
-e Compiling [31m[1m /home/hpe/o-du-l2/src/codec_utils/RRC/MeasIdToRemoveList.c [m
-e Compiling [31m[1m /home/hpe/o-du-l2/src/codec_utils/RRC/MeasObjectEUTRA.c [m
-e Compiling [31m[1m /home/hpe/o-du-l2/src/codec_utils/RRC/MeasObjectId.c [m
-e Compiling [31m[1m /home/hpe/o-du-l2/src/codec_utils/RRC/MeasObjectNR.c [m
-e Compiling [31m[1m /home/hpe/o-du-l2/src/codec_utils/RRC/MeasObjectToAddMod.c [m
-e Compiling [31m[1m /home/hpe/o-du-l2/src/codec_utils/RRC/MeasObjectToAddModList.c [m
-e Compiling [31m[1m /home/hpe/o-du-l2/src/codec_utils/RRC/MeasObjectToRemoveList.c [m
-e Compiling [31m[1m /home/hpe/o-du-l2/src/codec_utils/RRC/MeasQuantityResults.c [m
-e Compiling [31m[1m /home/hpe/o-du-l2/src/codec_utils/RRC/MeasQuantityResultsEUTRA.c [m
-e Compiling [31m[1m /home/hpe/o-du-l2/src/codec_utils/RRC/MeasReportQuantity.c [m
-e Compiling [31m[1m /home/hpe/o-du-l2/src/codec_utils/RRC/MeasResult2NR.c [m
-e Compiling [31m[1m /home/hpe/o-du-l2/src/codec_utils/RRC/MeasResultCellListSFTD.c [m
-e Compiling [31m[1m /home/hpe/o-du-l2/src/codec_utils/RRC/MeasResultCellSFTD.c [m
-e Compiling [31m[1m /home/hpe/o-du-l2/src/codec_utils/RRC/MeasResultEUTRA.c [m
-e Compiling [31m[1m /home/hpe/o-du-l2/src/codec_utils/RRC/MeasResultList2NR.c [m
-e Compiling [31m[1m /home/hpe/o-du-l2/src/codec_utils/RRC/MeasResultListEUTRA.c [m
-e Compiling [31m[1m /home/hpe/o-du-l2/src/codec_utils/RRC/MeasResultListNR.c [m
-e Compiling [31m[1m /home/hpe/o-du-l2/src/codec_utils/RRC/MeasResultNR.c [m
-e Compiling [31m[1m /home/hpe/o-du-l2/src/codec_utils/RRC/MeasResults.c [m
-e Compiling [31m[1m /home/hpe/o-du-l2/src/codec_utils/RRC/MeasResultSCG-Failure.c [m
-e Compiling [31m[1m /home/hpe/o-du-l2/src/codec_utils/RRC/MeasResultServMO.c [m
-e Compiling [31m[1m /home/hpe/o-du-l2/src/codec_utils/RRC/MeasResultServMOList.c [m
-e Compiling [31m[1m /home/hpe/o-du-l2/src/codec_utils/RRC/MeasTiming.c [m
-e Compiling [31m[1m /home/hpe/o-du-l2/src/codec_utils/RRC/MeasTimingList.c [m
-e Compiling [31m[1m /home/hpe/o-du-l2/src/codec_utils/RRC/MeasTriggerQuantity.c [m
-e Compiling [31m[1m /home/hpe/o-du-l2/src/codec_utils/RRC/MeasTriggerQuantityEUTRA.c [m
-e Compiling [31m[1m /home/hpe/o-du-l2/src/codec_utils/RRC/MeasTriggerQuantityOffset.c [m
-e Compiling [31m[1m /home/hpe/o-du-l2/src/codec_utils/RRC/MeasurementReport.c [m
-e Compiling [31m[1m /home/hpe/o-du-l2/src/codec_utils/RRC/MeasurementReport-IEs.c [m
-e Compiling [31m[1m /home/hpe/o-du-l2/src/codec_utils/RRC/MeasurementTimingConfigurationRrc.c [m
-e Compiling [31m[1m /home/hpe/o-du-l2/src/codec_utils/RRC/MeasurementTimingConfigurationRrc-IEs.c [m
-e Compiling [31m[1m /home/hpe/o-du-l2/src/codec_utils/RRC/MIB.c [m
-e Compiling [31m[1m /home/hpe/o-du-l2/src/codec_utils/RRC/MIMO-LayersDL.c [m
-e Compiling [31m[1m /home/hpe/o-du-l2/src/codec_utils/RRC/MIMO-LayersUL.c [m
-e Compiling [31m[1m /home/hpe/o-du-l2/src/codec_utils/RRC/MIMO-ParametersPerBand.c [m
-e Compiling [31m[1m /home/hpe/o-du-l2/src/codec_utils/RRC/MNC.c [m
-e Compiling [31m[1m /home/hpe/o-du-l2/src/codec_utils/RRC/MobilityFromNRCommand.c [m
-e Compiling [31m[1m /home/hpe/o-du-l2/src/codec_utils/RRC/MobilityFromNRCommand-IEs.c [m
-e Compiling [31m[1m /home/hpe/o-du-l2/src/codec_utils/RRC/MobilityStateParameters.c [m
-e Compiling [31m[1m /home/hpe/o-du-l2/src/codec_utils/RRC/ModulationOrder.c [m
-e Compiling [31m[1m /home/hpe/o-du-l2/src/codec_utils/RRC/MRDC-AssistanceInfo.c [m
-e Compiling [31m[1m /home/hpe/o-du-l2/src/codec_utils/RRC/MRDC-Parameters.c [m
-e Compiling [31m[1m /home/hpe/o-du-l2/src/codec_utils/RRC/MultiBandInfoListEUTRA.c [m
-e Compiling [31m[1m /home/hpe/o-du-l2/src/codec_utils/RRC/MultiFrequencyBandListNR.c [m
-e Compiling [31m[1m /home/hpe/o-du-l2/src/codec_utils/RRC/MultiFrequencyBandListNR-SIB.c [m
-e Compiling [31m[1m /home/hpe/o-du-l2/src/codec_utils/RRC/NAICS-Capability-Entry.c [m
-e Compiling [31m[1m /home/hpe/o-du-l2/src/codec_utils/RRC/NextHopChainingCount.c [m
-e Compiling [31m[1m /home/hpe/o-du-l2/src/codec_utils/RRC/NG-5G-S-TMSI.c [m
-e Compiling [31m[1m /home/hpe/o-du-l2/src/codec_utils/RRC/NR-FreqInfo.c [m
-e Compiling [31m[1m /home/hpe/o-du-l2/src/codec_utils/RRC/NR-MultiBandInfo.c [m
-e Compiling [31m[1m /home/hpe/o-du-l2/src/codec_utils/RRC/NR-NS-PmaxList.c [m
-e Compiling [31m[1m /home/hpe/o-du-l2/src/codec_utils/RRC/NR-NS-PmaxValue.c [m
-e Compiling [31m[1m /home/hpe/o-du-l2/src/codec_utils/RRC/NZP-CSI-RS-Resource.c [m
-e Compiling [31m[1m /home/hpe/o-du-l2/src/codec_utils/RRC/NZP-CSI-RS-ResourceId.c [m
-e Compiling [31m[1m /home/hpe/o-du-l2/src/codec_utils/RRC/NR-RS-Type.c [m
-e Compiling [31m[1m /home/hpe/o-du-l2/src/codec_utils/RRC/NZP-CSI-RS-ResourceSet.c [m
-e Compiling [31m[1m /home/hpe/o-du-l2/src/codec_utils/RRC/NZP-CSI-RS-ResourceSetId.c [m
-e Compiling [31m[1m /home/hpe/o-du-l2/src/codec_utils/RRC/OtherConfig.c [m
-e Compiling [31m[1m /home/hpe/o-du-l2/src/codec_utils/RRC/OverheatingAssistance.c [m
-e Compiling [31m[1m /home/hpe/o-du-l2/src/codec_utils/RRC/P0-PUCCH.c [m
-e Compiling [31m[1m /home/hpe/o-du-l2/src/codec_utils/RRC/P0-PUCCH-Id.c [m
-e Compiling [31m[1m /home/hpe/o-du-l2/src/codec_utils/RRC/P0-PUSCH-AlphaSet.c [m
-e Compiling [31m[1m /home/hpe/o-du-l2/src/codec_utils/RRC/P0-PUSCH-AlphaSetId.c [m
-e Compiling [31m[1m /home/hpe/o-du-l2/src/codec_utils/RRC/PagingCycle.c [m
-e Compiling [31m[1m /home/hpe/o-du-l2/src/codec_utils/RRC/PagingRecord.c [m
-e Compiling [31m[1m /home/hpe/o-du-l2/src/codec_utils/RRC/PagingRecordList.c [m
-e Compiling [31m[1m /home/hpe/o-du-l2/src/codec_utils/RRC/PagingRrc.c [m
-e Compiling [31m[1m /home/hpe/o-du-l2/src/codec_utils/RRC/PagingUE-Identity.c [m
-e Compiling [31m[1m /home/hpe/o-du-l2/src/codec_utils/RRC/PCCH-Config.c [m
-e Compiling [31m[1m /home/hpe/o-du-l2/src/codec_utils/RRC/PCCH-Message.c [m
-e Compiling [31m[1m /home/hpe/o-du-l2/src/codec_utils/RRC/PCCH-MessageType.c [m
-e Compiling [31m[1m /home/hpe/o-du-l2/src/codec_utils/RRC/PCI-List.c [m
-e Compiling [31m[1m /home/hpe/o-du-l2/src/codec_utils/RRC/PCI-Range.c [m
-e Compiling [31m[1m /home/hpe/o-du-l2/src/codec_utils/RRC/PCI-RangeElement.c [m
-e Compiling [31m[1m /home/hpe/o-du-l2/src/codec_utils/RRC/PCI-RangeIndex.c [m
-e Compiling [31m[1m /home/hpe/o-du-l2/src/codec_utils/RRC/PCI-RangeIndexList.c [m
-e Compiling [31m[1m /home/hpe/o-du-l2/src/codec_utils/RRC/PDCCH-Config.c [m
-e Compiling [31m[1m /home/hpe/o-du-l2/src/codec_utils/RRC/PDCCH-ConfigCommon.c [m
-e Compiling [31m[1m /home/hpe/o-du-l2/src/codec_utils/RRC/PDCCH-ConfigSIB1.c [m
-e Compiling [31m[1m /home/hpe/o-du-l2/src/codec_utils/RRC/PDCCH-ServingCellConfig.c [m
-e Compiling [31m[1m /home/hpe/o-du-l2/src/codec_utils/RRC/PDCP-Config.c [m
-e Compiling [31m[1m /home/hpe/o-du-l2/src/codec_utils/RRC/PDCP-Parameters.c [m
-e Compiling [31m[1m /home/hpe/o-du-l2/src/codec_utils/RRC/PDCP-ParametersMRDC.c [m
-e Compiling [31m[1m /home/hpe/o-du-l2/src/codec_utils/RRC/PDSCH-CodeBlockGroupTransmission.c [m
-e Compiling [31m[1m /home/hpe/o-du-l2/src/codec_utils/RRC/PDSCH-Config.c [m
-e Compiling [31m[1m /home/hpe/o-du-l2/src/codec_utils/RRC/PDSCH-ConfigCommon.c [m
-e Compiling [31m[1m /home/hpe/o-du-l2/src/codec_utils/RRC/PDSCH-ServingCellConfig.c [m
-e Compiling [31m[1m /home/hpe/o-du-l2/src/codec_utils/RRC/PDSCH-TimeDomainResourceAllocation.c [m
-e Compiling [31m[1m /home/hpe/o-du-l2/src/codec_utils/RRC/PDSCH-TimeDomainResourceAllocationList.c [m
-e Compiling [31m[1m /home/hpe/o-du-l2/src/codec_utils/RRC/PDU-SessionID.c [m
-e Compiling [31m[1m /home/hpe/o-du-l2/src/codec_utils/RRC/PeriodicalReportConfig.c [m
-e Compiling [31m[1m /home/hpe/o-du-l2/src/codec_utils/RRC/PeriodicalReportConfigInterRAT.c [m
-e Compiling [31m[1m /home/hpe/o-du-l2/src/codec_utils/RRC/PeriodicRNAU-TimerValue.c [m
-e Compiling [31m[1m /home/hpe/o-du-l2/src/codec_utils/RRC/PHR-Config.c [m
-e Compiling [31m[1m /home/hpe/o-du-l2/src/codec_utils/RRC/Phy-Parameters.c [m
-e Compiling [31m[1m /home/hpe/o-du-l2/src/codec_utils/RRC/Phy-ParametersCommon.c [m
-e Compiling [31m[1m /home/hpe/o-du-l2/src/codec_utils/RRC/Phy-ParametersFR1.c [m
-e Compiling [31m[1m /home/hpe/o-du-l2/src/codec_utils/RRC/Phy-ParametersFR2.c [m
-e Compiling [31m[1m /home/hpe/o-du-l2/src/codec_utils/RRC/Phy-ParametersFRX-Diff.c [m
-e Compiling [31m[1m /home/hpe/o-du-l2/src/codec_utils/RRC/Phy-ParametersMRDC.c [m
-e Compiling [31m[1m /home/hpe/o-du-l2/src/codec_utils/RRC/Phy-ParametersXDD-Diff.c [m
-e Compiling [31m[1m /home/hpe/o-du-l2/src/codec_utils/RRC/PhysCellId.c [m
-e Compiling [31m[1m /home/hpe/o-du-l2/src/codec_utils/RRC/PhysicalCellGroupConfig.c [m
-e Compiling [31m[1m /home/hpe/o-du-l2/src/codec_utils/RRC/PLMN-IdentitY.c [m
-e Compiling [31m[1m /home/hpe/o-du-l2/src/codec_utils/RRC/PLMN-Identity-EUTRA-5GC.c [m
-e Compiling [31m[1m /home/hpe/o-du-l2/src/codec_utils/RRC/PLMN-IdentityInfo.c [m
-e Compiling [31m[1m /home/hpe/o-du-l2/src/codec_utils/RRC/PLMN-IdentityInfoList.c [m
-e Compiling [31m[1m /home/hpe/o-du-l2/src/codec_utils/RRC/PLMN-IdentityList-EUTRA-5GC.c [m
-e Compiling [31m[1m /home/hpe/o-du-l2/src/codec_utils/RRC/PLMN-IdentityList-EUTRA-EPC.c [m
-e Compiling [31m[1m /home/hpe/o-du-l2/src/codec_utils/RRC/PLMN-RAN-AreaCell.c [m
-e Compiling [31m[1m /home/hpe/o-du-l2/src/codec_utils/RRC/PLMN-RAN-AreaCellList.c [m
-e Compiling [31m[1m /home/hpe/o-du-l2/src/codec_utils/RRC/PLMN-RAN-AreaConfig.c [m
-e Compiling [31m[1m /home/hpe/o-du-l2/src/codec_utils/RRC/PLMN-RAN-AreaConfigList.c [m
-e Compiling [31m[1m /home/hpe/o-du-l2/src/codec_utils/RRC/P-Max.c [m
-e Compiling [31m[1m /home/hpe/o-du-l2/src/codec_utils/RRC/PollByte.c [m
-e Compiling [31m[1m /home/hpe/o-du-l2/src/codec_utils/RRC/PollPDU.c [m
-e Compiling [31m[1m /home/hpe/o-du-l2/src/codec_utils/RRC/PortIndex2.c [m
-e Compiling [31m[1m /home/hpe/o-du-l2/src/codec_utils/RRC/PortIndex4.c [m
-e Compiling [31m[1m /home/hpe/o-du-l2/src/codec_utils/RRC/PortIndex8.c [m
-e Compiling [31m[1m /home/hpe/o-du-l2/src/codec_utils/RRC/PortIndexFor8Ranks.c [m
-e Compiling [31m[1m /home/hpe/o-du-l2/src/codec_utils/RRC/PRACH-ResourceDedicatedBFR.c [m
-e Compiling [31m[1m /home/hpe/o-du-l2/src/codec_utils/RRC/PRB-Id.c [m
-e Compiling [31m[1m /home/hpe/o-du-l2/src/codec_utils/RRC/PTRS-DensityRecommendationDL.c [m
-e Compiling [31m[1m /home/hpe/o-du-l2/src/codec_utils/RRC/PTRS-DensityRecommendationUL.c [m
-e Compiling [31m[1m /home/hpe/o-du-l2/src/codec_utils/RRC/PTRS-DownlinkConfig.c [m
-e Compiling [31m[1m /home/hpe/o-du-l2/src/codec_utils/RRC/PTRS-UplinkConfig.c [m
-e Compiling [31m[1m /home/hpe/o-du-l2/src/codec_utils/RRC/PUCCH-Config.c [m
-e Compiling [31m[1m /home/hpe/o-du-l2/src/codec_utils/RRC/PUCCH-ConfigCommon.c [m
-e Compiling [31m[1m /home/hpe/o-du-l2/src/codec_utils/RRC/PUCCH-CSI-Resource.c [m
-e Compiling [31m[1m /home/hpe/o-du-l2/src/codec_utils/RRC/PUCCH-format0.c [m
-e Compiling [31m[1m /home/hpe/o-du-l2/src/codec_utils/RRC/PUCCH-format1.c [m
-e Compiling [31m[1m /home/hpe/o-du-l2/src/codec_utils/RRC/PUCCH-format2.c [m
-e Compiling [31m[1m /home/hpe/o-du-l2/src/codec_utils/RRC/PUCCH-format3.c [m
-e Compiling [31m[1m /home/hpe/o-du-l2/src/codec_utils/RRC/PUCCH-format4.c [m
-e Compiling [31m[1m /home/hpe/o-du-l2/src/codec_utils/RRC/PUCCH-FormatConfig.c [m
-e Compiling [31m[1m /home/hpe/o-du-l2/src/codec_utils/RRC/PUCCH-MaxCodeRate.c [m
-e Compiling [31m[1m /home/hpe/o-du-l2/src/codec_utils/RRC/PUCCH-PathlossReferenceRS.c [m
-e Compiling [31m[1m /home/hpe/o-du-l2/src/codec_utils/RRC/PUCCH-PathlossReferenceRS-Id.c [m
-e Compiling [31m[1m /home/hpe/o-du-l2/src/codec_utils/RRC/PUCCH-PowerControl.c [m
-e Compiling [31m[1m /home/hpe/o-du-l2/src/codec_utils/RRC/PUCCH-Resource.c [m
-e Compiling [31m[1m /home/hpe/o-du-l2/src/codec_utils/RRC/PUCCH-ResourceId.c [m
-e Compiling [31m[1m /home/hpe/o-du-l2/src/codec_utils/RRC/PUCCH-ResourceSet.c [m
-e Compiling [31m[1m /home/hpe/o-du-l2/src/codec_utils/RRC/PUCCH-ResourceSetId.c [m
-e Compiling [31m[1m /home/hpe/o-du-l2/src/codec_utils/RRC/PUCCH-SpatialRelationInfo.c [m
-e Compiling [31m[1m /home/hpe/o-du-l2/src/codec_utils/RRC/PUCCH-SpatialRelationInfoId.c [m
-e Compiling [31m[1m /home/hpe/o-du-l2/src/codec_utils/RRC/PUCCH-TPC-CommandConfig.c [m
-e Compiling [31m[1m /home/hpe/o-du-l2/src/codec_utils/RRC/PUSCH-CodeBlockGroupTransmission.c [m
-e Compiling [31m[1m /home/hpe/o-du-l2/src/codec_utils/RRC/PUSCH-Config.c [m
-e Compiling [31m[1m /home/hpe/o-du-l2/src/codec_utils/RRC/PUSCH-ConfigCommon.c [m
-e Compiling [31m[1m /home/hpe/o-du-l2/src/codec_utils/RRC/PUSCH-PathlossReferenceRS.c [m
-e Compiling [31m[1m /home/hpe/o-du-l2/src/codec_utils/RRC/PUSCH-PathlossReferenceRS-Id.c [m
-e Compiling [31m[1m /home/hpe/o-du-l2/src/codec_utils/RRC/PUSCH-PowerControl.c [m
-e Compiling [31m[1m /home/hpe/o-du-l2/src/codec_utils/RRC/PUSCH-ServingCellConfig.c [m
-e Compiling [31m[1m /home/hpe/o-du-l2/src/codec_utils/RRC/PUSCH-TimeDomainResourceAllocation.c [m
-e Compiling [31m[1m /home/hpe/o-du-l2/src/codec_utils/RRC/PUSCH-TimeDomainResourceAllocationList.c [m
-e Compiling [31m[1m /home/hpe/o-du-l2/src/codec_utils/RRC/PUSCH-TPC-CommandConfig.c [m
-e Compiling [31m[1m /home/hpe/o-du-l2/src/codec_utils/RRC/QCL-Info.c [m
-e Compiling [31m[1m /home/hpe/o-du-l2/src/codec_utils/RRC/QFI.c [m
-e Compiling [31m[1m /home/hpe/o-du-l2/src/codec_utils/RRC/Q-OffsetRange.c [m
-e Compiling [31m[1m /home/hpe/o-du-l2/src/codec_utils/RRC/Q-OffsetRangeList.c [m
-e Compiling [31m[1m /home/hpe/o-du-l2/src/codec_utils/RRC/Q-QualMin.c [m
-e Compiling [31m[1m /home/hpe/o-du-l2/src/codec_utils/RRC/Q-RxLevMin.c [m
-e Compiling [31m[1m /home/hpe/o-du-l2/src/codec_utils/RRC/QuantityConfig.c [m
-e Compiling [31m[1m /home/hpe/o-du-l2/src/codec_utils/RRC/QuantityConfigNR.c [m
-e Compiling [31m[1m /home/hpe/o-du-l2/src/codec_utils/RRC/QuantityConfigRS.c [m
-e Compiling [31m[1m /home/hpe/o-du-l2/src/codec_utils/RRC/RACH-ConfigCommon.c [m
-e Compiling [31m[1m /home/hpe/o-du-l2/src/codec_utils/RRC/RACH-ConfigDedicated.c [m
-e Compiling [31m[1m /home/hpe/o-du-l2/src/codec_utils/RRC/RACH-ConfigGeneric.c [m
-e Compiling [31m[1m /home/hpe/o-du-l2/src/codec_utils/RRC/RadioBearerConfig.c [m
-e Compiling [31m[1m /home/hpe/o-du-l2/src/codec_utils/RRC/RadioLinkMonitoringConfig.c [m
-e Compiling [31m[1m /home/hpe/o-du-l2/src/codec_utils/RRC/RadioLinkMonitoringRS.c [m
-e Compiling [31m[1m /home/hpe/o-du-l2/src/codec_utils/RRC/RadioLinkMonitoringRS-Id.c [m
-e Compiling [31m[1m /home/hpe/o-du-l2/src/codec_utils/RRC/RAN-AreaCode.c [m
-e Compiling [31m[1m /home/hpe/o-du-l2/src/codec_utils/RRC/RAN-AreaConfig.c [m
-e Compiling [31m[1m /home/hpe/o-du-l2/src/codec_utils/RRC/RangeToBestCell.c [m
-e Compiling [31m[1m /home/hpe/o-du-l2/src/codec_utils/RRC/RAN-NotificationAreaInfo.c [m
-e Compiling [31m[1m /home/hpe/o-du-l2/src/codec_utils/RRC/RA-Prioritization.c [m
-e Compiling [31m[1m /home/hpe/o-du-l2/src/codec_utils/RRC/RateMatchPattern.c [m
-e Compiling [31m[1m /home/hpe/o-du-l2/src/codec_utils/RRC/RateMatchPatternGroup.c [m
-e Compiling [31m[1m /home/hpe/o-du-l2/src/codec_utils/RRC/RateMatchPatternId.c [m
-e Compiling [31m[1m /home/hpe/o-du-l2/src/codec_utils/RRC/RateMatchPatternLTE-CRS.c [m
-e Compiling [31m[1m /home/hpe/o-du-l2/src/codec_utils/RRC/RAT-Type.c [m
-e Compiling [31m[1m /home/hpe/o-du-l2/src/codec_utils/RRC/ReconfigurationWithSync.c [m
-e Compiling [31m[1m /home/hpe/o-du-l2/src/codec_utils/RRC/RedirectedCarrierInfo.c [m
-e Compiling [31m[1m /home/hpe/o-du-l2/src/codec_utils/RRC/RedirectedCarrierInfo-EUTRA.c [m
-e Compiling [31m[1m /home/hpe/o-du-l2/src/codec_utils/RRC/ReducedAggregatedBandwidth.c [m
-e Compiling [31m[1m /home/hpe/o-du-l2/src/codec_utils/RRC/ReestablishmentCause.c [m
-e Compiling [31m[1m /home/hpe/o-du-l2/src/codec_utils/RRC/ReestablishmentInfo.c [m
-e Compiling [31m[1m /home/hpe/o-du-l2/src/codec_utils/RRC/ReestabNCellInfo.c [m
-e Compiling [31m[1m /home/hpe/o-du-l2/src/codec_utils/RRC/ReestabNCellInfoList.c [m
-e Compiling [31m[1m /home/hpe/o-du-l2/src/codec_utils/RRC/ReestabUE-Identity.c [m
-e Compiling [31m[1m /home/hpe/o-du-l2/src/codec_utils/RRC/ReferenceSignalConfig.c [m
-e Compiling [31m[1m /home/hpe/o-du-l2/src/codec_utils/RRC/RegisteredAMF.c [m
-e Compiling [31m[1m /home/hpe/o-du-l2/src/codec_utils/RRC/RejectWaitTime.c [m
-e Compiling [31m[1m /home/hpe/o-du-l2/src/codec_utils/RRC/ReportCGI.c [m
-e Compiling [31m[1m /home/hpe/o-du-l2/src/codec_utils/RRC/ReportCGI-EUTRA.c [m
-e Compiling [31m[1m /home/hpe/o-du-l2/src/codec_utils/RRC/ReportConfigId.c [m
-e Compiling [31m[1m /home/hpe/o-du-l2/src/codec_utils/RRC/ReportConfigInterRAT.c [m
-e Compiling [31m[1m /home/hpe/o-du-l2/src/codec_utils/RRC/ReportConfigNR.c [m
-e Compiling [31m[1m /home/hpe/o-du-l2/src/codec_utils/RRC/ReportConfigToAddMod.c [m
-e Compiling [31m[1m /home/hpe/o-du-l2/src/codec_utils/RRC/ReportConfigToAddModList.c [m
-e Compiling [31m[1m /home/hpe/o-du-l2/src/codec_utils/RRC/ReportConfigToRemoveList.c [m
-e Compiling [31m[1m /home/hpe/o-du-l2/src/codec_utils/RRC/ReportInterval.c [m
-e Compiling [31m[1m /home/hpe/o-du-l2/src/codec_utils/RRC/ReselectionThreshold.c [m
-e Compiling [31m[1m /home/hpe/o-du-l2/src/codec_utils/RRC/ReselectionThresholdQ.c [m
-e Compiling [31m[1m /home/hpe/o-du-l2/src/codec_utils/RRC/ResultsPerCSI-RS-Index.c [m
-e Compiling [31m[1m /home/hpe/o-du-l2/src/codec_utils/RRC/ResultsPerCSI-RS-IndexList.c [m
-e Compiling [31m[1m /home/hpe/o-du-l2/src/codec_utils/RRC/ResultsPerSSB-Index.c [m
-e Compiling [31m[1m /home/hpe/o-du-l2/src/codec_utils/RRC/ResultsPerSSB-IndexList.c [m
-e Compiling [31m[1m /home/hpe/o-du-l2/src/codec_utils/RRC/ResumeCause.c [m
-e Compiling [31m[1m /home/hpe/o-du-l2/src/codec_utils/RRC/RF-Parameters.c [m
-e Compiling [31m[1m /home/hpe/o-du-l2/src/codec_utils/RRC/RF-ParametersMRDC.c [m
-e Compiling [31m[1m /home/hpe/o-du-l2/src/codec_utils/RRC/RLC-BearerConfig.c [m
-e Compiling [31m[1m /home/hpe/o-du-l2/src/codec_utils/RRC/RLC-Config.c [m
-e Compiling [31m[1m /home/hpe/o-du-l2/src/codec_utils/RRC/RLC-Parameters.c [m
-e Compiling [31m[1m /home/hpe/o-du-l2/src/codec_utils/RRC/RLF-TimersAndConstants.c [m
-e Compiling [31m[1m /home/hpe/o-du-l2/src/codec_utils/RRC/RNTI-Value.c [m
-e Compiling [31m[1m /home/hpe/o-du-l2/src/codec_utils/RRC/RRCReconfiguration.c [m
-e Compiling [31m[1m /home/hpe/o-du-l2/src/codec_utils/RRC/RRCReconfigurationComplete.c [m
-e Compiling [31m[1m /home/hpe/o-du-l2/src/codec_utils/RRC/RRCReconfigurationComplete-IEs.c [m
-e Compiling [31m[1m /home/hpe/o-du-l2/src/codec_utils/RRC/RRCReconfigurationComplete-v1530-IEs.c [m
-e Compiling [31m[1m /home/hpe/o-du-l2/src/codec_utils/RRC/RRCReconfiguration-IEs.c [m
-e Compiling [31m[1m /home/hpe/o-du-l2/src/codec_utils/RRC/RRCReconfiguration-v1530-IEs.c [m
-e Compiling [31m[1m /home/hpe/o-du-l2/src/codec_utils/RRC/RRCReestablishment.c [m
-e Compiling [31m[1m /home/hpe/o-du-l2/src/codec_utils/RRC/RRCReestablishmentComplete.c [m
-e Compiling [31m[1m /home/hpe/o-du-l2/src/codec_utils/RRC/RRCReestablishmentComplete-IEs.c [m
-e Compiling [31m[1m /home/hpe/o-du-l2/src/codec_utils/RRC/RRCReestablishment-IEs.c [m
-e Compiling [31m[1m /home/hpe/o-du-l2/src/codec_utils/RRC/RRCReestablishmentRequest.c [m
-e Compiling [31m[1m /home/hpe/o-du-l2/src/codec_utils/RRC/RRCReestablishmentRequest-IEs.c [m
-e Compiling [31m[1m /home/hpe/o-du-l2/src/codec_utils/RRC/RRCReject.c [m
-e Compiling [31m[1m /home/hpe/o-du-l2/src/codec_utils/RRC/RRCReject-IEs.c [m
-e Compiling [31m[1m /home/hpe/o-du-l2/src/codec_utils/RRC/RRCRelease.c [m
-e Compiling [31m[1m /home/hpe/o-du-l2/src/codec_utils/RRC/RRCRelease-IEs.c [m
-e Compiling [31m[1m /home/hpe/o-du-l2/src/codec_utils/RRC/RRCRelease-v1540-IEs.c [m
-e Compiling [31m[1m /home/hpe/o-du-l2/src/codec_utils/RRC/RRCResume.c [m
-e Compiling [31m[1m /home/hpe/o-du-l2/src/codec_utils/RRC/RRCResumeComplete.c [m
-e Compiling [31m[1m /home/hpe/o-du-l2/src/codec_utils/RRC/RRCResumeComplete-IEs.c [m
-e Compiling [31m[1m /home/hpe/o-du-l2/src/codec_utils/RRC/RRCResume-IEs.c [m
-e Compiling [31m[1m /home/hpe/o-du-l2/src/codec_utils/RRC/RRCResumeRequest1.c [m
-e Compiling [31m[1m /home/hpe/o-du-l2/src/codec_utils/RRC/RRCResumeRequest1-IEs.c [m
-e Compiling [31m[1m /home/hpe/o-du-l2/src/codec_utils/RRC/RRCResumeRequest.c [m
-e Compiling [31m[1m /home/hpe/o-du-l2/src/codec_utils/RRC/RRCResumeRequest-IEs.c [m
-e Compiling [31m[1m /home/hpe/o-du-l2/src/codec_utils/RRC/RRCSetup.c [m
-e Compiling [31m[1m /home/hpe/o-du-l2/src/codec_utils/RRC/RRCSetupComplete.c [m
-e Compiling [31m[1m /home/hpe/o-du-l2/src/codec_utils/RRC/RRCSetupComplete-IEs.c [m
-e Compiling [31m[1m /home/hpe/o-du-l2/src/codec_utils/RRC/RRCSetup-IEs.c [m
-e Compiling [31m[1m /home/hpe/o-du-l2/src/codec_utils/RRC/RRCSetupRequest.c [m
-e Compiling [31m[1m /home/hpe/o-du-l2/src/codec_utils/RRC/RRCSetupRequest-IEs.c [m
-e Compiling [31m[1m /home/hpe/o-du-l2/src/codec_utils/RRC/RRCSystemInfoRequest.c [m
-e Compiling [31m[1m /home/hpe/o-du-l2/src/codec_utils/RRC/RRCSystemInfoRequest-r15-IEs.c [m
-e Compiling [31m[1m /home/hpe/o-du-l2/src/codec_utils/RRC/RRC-TransactionIdentifier.c [m
-e Compiling [31m[1m /home/hpe/o-du-l2/src/codec_utils/RRC/RRM-Config.c [m
-e Compiling [31m[1m /home/hpe/o-du-l2/src/codec_utils/RRC/RSRP-Range.c [m
-e Compiling [31m[1m /home/hpe/o-du-l2/src/codec_utils/RRC/RSRP-RangeEUTRA.c [m
-e Compiling [31m[1m /home/hpe/o-du-l2/src/codec_utils/RRC/RSRQ-Range.c [m
-e Compiling [31m[1m /home/hpe/o-du-l2/src/codec_utils/RRC/RSRQ-RangeEUTRA.c [m
-e Compiling [31m[1m /home/hpe/o-du-l2/src/codec_utils/RRC/SCellConfig.c [m
-e Compiling [31m[1m /home/hpe/o-du-l2/src/codec_utils/RRC/SCellIndexRrc.c [m
-e Compiling [31m[1m /home/hpe/o-du-l2/src/codec_utils/RRC/SchedulingInfo.c [m
-e Compiling [31m[1m /home/hpe/o-du-l2/src/codec_utils/RRC/SchedulingRequestConfig.c [m
-e Compiling [31m[1m /home/hpe/o-du-l2/src/codec_utils/RRC/SchedulingRequestId.c [m
-e Compiling [31m[1m /home/hpe/o-du-l2/src/codec_utils/RRC/SchedulingRequestResourceConfig.c [m
-e Compiling [31m[1m /home/hpe/o-du-l2/src/codec_utils/RRC/SchedulingRequestResourceId.c [m
-e Compiling [31m[1m /home/hpe/o-du-l2/src/codec_utils/RRC/SchedulingRequestToAddMod.c [m
-e Compiling [31m[1m /home/hpe/o-du-l2/src/codec_utils/RRC/ScramblingId.c [m
-e Compiling [31m[1m /home/hpe/o-du-l2/src/codec_utils/RRC/SCS-SpecificCarrier.c [m
-e Compiling [31m[1m /home/hpe/o-du-l2/src/codec_utils/RRC/SDAP-Config.c [m
-e Compiling [31m[1m /home/hpe/o-du-l2/src/codec_utils/RRC/SearchSpace.c [m
-e Compiling [31m[1m /home/hpe/o-du-l2/src/codec_utils/RRC/SearchSpaceId.c [m
-e Compiling [31m[1m /home/hpe/o-du-l2/src/codec_utils/RRC/SearchSpaceZero.c [m
-e Compiling [31m[1m /home/hpe/o-du-l2/src/codec_utils/RRC/SecurityAlgorithmConfig.c [m
-e Compiling [31m[1m /home/hpe/o-du-l2/src/codec_utils/RRC/SecurityConfig.c [m
-e Compiling [31m[1m /home/hpe/o-du-l2/src/codec_utils/RRC/SecurityConfigSMC.c [m
-e Compiling [31m[1m /home/hpe/o-du-l2/src/codec_utils/RRC/SecurityModeCommand.c [m
-e Compiling [31m[1m /home/hpe/o-du-l2/src/codec_utils/RRC/SecurityModeCommand-IEs.c [m
-e Compiling [31m[1m /home/hpe/o-du-l2/src/codec_utils/RRC/SecurityModeComplete.c [m
-e Compiling [31m[1m /home/hpe/o-du-l2/src/codec_utils/RRC/SecurityModeComplete-IEs.c [m
-e Compiling [31m[1m /home/hpe/o-du-l2/src/codec_utils/RRC/SecurityModeFailure.c [m
-e Compiling [31m[1m /home/hpe/o-du-l2/src/codec_utils/RRC/SecurityModeFailure-IEs.c [m
-e Compiling [31m[1m /home/hpe/o-du-l2/src/codec_utils/RRC/ServCellIndexRrc.c [m
-e Compiling [31m[1m /home/hpe/o-du-l2/src/codec_utils/RRC/ServingCellConfig.c [m
-e Compiling [31m[1m /home/hpe/o-du-l2/src/codec_utils/RRC/ServingCellConfigCommon.c [m
-e Compiling [31m[1m /home/hpe/o-du-l2/src/codec_utils/RRC/ServingCellConfigCommonSIB.c [m
-e Compiling [31m[1m /home/hpe/o-du-l2/src/codec_utils/RRC/ShortI-RNTI-Value.c [m
-e Compiling [31m[1m /home/hpe/o-du-l2/src/codec_utils/RRC/ShortMAC-I.c [m
-e Compiling [31m[1m /home/hpe/o-du-l2/src/codec_utils/RRC/SIB1.c [m
-e Compiling [31m[1m /home/hpe/o-du-l2/src/codec_utils/RRC/SIB2.c [m
-e Compiling [31m[1m /home/hpe/o-du-l2/src/codec_utils/RRC/SIB3.c [m
-e Compiling [31m[1m /home/hpe/o-du-l2/src/codec_utils/RRC/SIB4.c [m
-e Compiling [31m[1m /home/hpe/o-du-l2/src/codec_utils/RRC/SIB5.c [m
-e Compiling [31m[1m /home/hpe/o-du-l2/src/codec_utils/RRC/SIB6.c [m
-e Compiling [31m[1m /home/hpe/o-du-l2/src/codec_utils/RRC/SIB7.c [m
-e Compiling [31m[1m /home/hpe/o-du-l2/src/codec_utils/RRC/SIB8.c [m
-e Compiling [31m[1m /home/hpe/o-du-l2/src/codec_utils/RRC/SIB9.c [m
-e Compiling [31m[1m /home/hpe/o-du-l2/src/codec_utils/RRC/SIB-Mapping.c [m
-e Compiling [31m[1m /home/hpe/o-du-l2/src/codec_utils/RRC/SIB-TypeInfo.c [m
-e Compiling [31m[1m /home/hpe/o-du-l2/src/codec_utils/RRC/SINR-Range.c [m
-e Compiling [31m[1m /home/hpe/o-du-l2/src/codec_utils/RRC/SINR-RangeEUTRA.c [m
-e Compiling [31m[1m /home/hpe/o-du-l2/src/codec_utils/RRC/SI-RequestConfig.c [m
-e Compiling [31m[1m /home/hpe/o-du-l2/src/codec_utils/RRC/SI-RequestResources.c [m
-e Compiling [31m[1m /home/hpe/o-du-l2/src/codec_utils/RRC/SI-SchedulingInfo.c [m
-e Compiling [31m[1m /home/hpe/o-du-l2/src/codec_utils/RRC/SlotFormatCombination.c [m
-e Compiling [31m[1m /home/hpe/o-du-l2/src/codec_utils/RRC/SlotFormatCombinationId.c [m
-e Compiling [31m[1m /home/hpe/o-du-l2/src/codec_utils/RRC/SlotFormatCombinationsPerCell.c [m
-e Compiling [31m[1m /home/hpe/o-du-l2/src/codec_utils/RRC/SlotFormatIndicator.c [m
-e Compiling [31m[1m /home/hpe/o-du-l2/src/codec_utils/RRC/SN-FieldLengthAM.c [m
-e Compiling [31m[1m /home/hpe/o-du-l2/src/codec_utils/RRC/SN-FieldLengthUM.c [m
-e Compiling [31m[1m /home/hpe/o-du-l2/src/codec_utils/RRC/SpCellConfig.c [m
-e Compiling [31m[1m /home/hpe/o-du-l2/src/codec_utils/RRC/SpeedStateScaleFactors.c [m
-e Compiling [31m[1m /home/hpe/o-du-l2/src/codec_utils/RRC/SPS-Config.c [m
-e Compiling [31m[1m /home/hpe/o-du-l2/src/codec_utils/RRC/SRB-Identity.c [m
-e Compiling [31m[1m /home/hpe/o-du-l2/src/codec_utils/RRC/SRB-ToAddMod.c [m
-e Compiling [31m[1m /home/hpe/o-du-l2/src/codec_utils/RRC/SRB-ToAddModList.c [m
-e Compiling [31m[1m /home/hpe/o-du-l2/src/codec_utils/RRC/SRI-PUSCH-PowerControl.c [m
-e Compiling [31m[1m /home/hpe/o-du-l2/src/codec_utils/RRC/SRI-PUSCH-PowerControlId.c [m
-e Compiling [31m[1m /home/hpe/o-du-l2/src/codec_utils/RRC/SRS-CarrierSwitching.c [m
-e Compiling [31m[1m /home/hpe/o-du-l2/src/codec_utils/RRC/SRS-CC-SetIndex.c [m
-e Compiling [31m[1m /home/hpe/o-du-l2/src/codec_utils/RRC/SRS-Config.c [m
-e Compiling [31m[1m /home/hpe/o-du-l2/src/codec_utils/RRC/SRS-PeriodicityAndOffset.c [m
-e Compiling [31m[1m /home/hpe/o-du-l2/src/codec_utils/RRC/SRS-Resource.c [m
-e Compiling [31m[1m /home/hpe/o-du-l2/src/codec_utils/RRC/SRS-ResourceId.c [m
-e Compiling [31m[1m /home/hpe/o-du-l2/src/codec_utils/RRC/SRS-Resources.c [m
-e Compiling [31m[1m /home/hpe/o-du-l2/src/codec_utils/RRC/SRS-ResourceSet.c [m
-e Compiling [31m[1m /home/hpe/o-du-l2/src/codec_utils/RRC/SRS-ResourceSetId.c [m
-e Compiling [31m[1m /home/hpe/o-du-l2/src/codec_utils/RRC/SRS-SpatialRelationInfo.c [m
-e Compiling [31m[1m /home/hpe/o-du-l2/src/codec_utils/RRC/SRS-TPC-CommandConfig.c [m
-e Compiling [31m[1m /home/hpe/o-du-l2/src/codec_utils/RRC/SRS-TPC-PDCCH-Config.c [m
-e Compiling [31m[1m /home/hpe/o-du-l2/src/codec_utils/RRC/SRS-TxSwitch.c [m
-e Compiling [31m[1m /home/hpe/o-du-l2/src/codec_utils/RRC/SSB-ConfigMobility.c [m
-e Compiling [31m[1m /home/hpe/o-du-l2/src/codec_utils/RRC/SSB-Index.c [m
-e Compiling [31m[1m /home/hpe/o-du-l2/src/codec_utils/RRC/SSB-MTC2.c [m
-e Compiling [31m[1m /home/hpe/o-du-l2/src/codec_utils/RRC/SSB-MTC.c [m
-e Compiling [31m[1m /home/hpe/o-du-l2/src/codec_utils/RRC/SSB-ToMeasure.c [m
-e Compiling [31m[1m /home/hpe/o-du-l2/src/codec_utils/RRC/SS-RSSI-Measurement.c [m
-e Compiling [31m[1m /home/hpe/o-du-l2/src/codec_utils/RRC/SubcarrierSpacing.c [m
-e Compiling [31m[1m /home/hpe/o-du-l2/src/codec_utils/RRC/SupportedBandwidth.c [m
-e Compiling [31m[1m /home/hpe/o-du-l2/src/codec_utils/RRC/SuspendConfig.c [m
-e Compiling [31m[1m /home/hpe/o-du-l2/src/codec_utils/RRC/SystemInformation.c [m
-e Compiling [31m[1m /home/hpe/o-du-l2/src/codec_utils/RRC/SystemInformation-IEs.c [m
-e Compiling [31m[1m /home/hpe/o-du-l2/src/codec_utils/RRC/TAG.c [m
-e Compiling [31m[1m /home/hpe/o-du-l2/src/codec_utils/RRC/TAG-Config.c [m
-e Compiling [31m[1m /home/hpe/o-du-l2/src/codec_utils/RRC/TAG-Id.c [m
-e Compiling [31m[1m /home/hpe/o-du-l2/src/codec_utils/RRC/TCI-State.c [m
-e Compiling [31m[1m /home/hpe/o-du-l2/src/codec_utils/RRC/TCI-StateId.c [m
-e Compiling [31m[1m /home/hpe/o-du-l2/src/codec_utils/RRC/TDD-UL-DL-ConfigCommon.c [m
-e Compiling [31m[1m /home/hpe/o-du-l2/src/codec_utils/RRC/TDD-UL-DL-ConfigDedicated.c [m
-e Compiling [31m[1m /home/hpe/o-du-l2/src/codec_utils/RRC/TDD-UL-DL-Pattern.c [m
-e Compiling [31m[1m /home/hpe/o-du-l2/src/codec_utils/RRC/TDD-UL-DL-SlotConfig.c [m
-e Compiling [31m[1m /home/hpe/o-du-l2/src/codec_utils/RRC/TDD-UL-DL-SlotIndex.c [m
-e Compiling [31m[1m /home/hpe/o-du-l2/src/codec_utils/RRC/ThresholdNR.c [m
-e Compiling [31m[1m /home/hpe/o-du-l2/src/codec_utils/RRC/TimeAlignmentTimer.c [m
-e Compiling [31m[1m /home/hpe/o-du-l2/src/codec_utils/RRC/TimeToTrigger.c [m
-e Compiling [31m[1m /home/hpe/o-du-l2/src/codec_utils/RRC/T-PollRetransmit.c [m
-e Compiling [31m[1m /home/hpe/o-du-l2/src/codec_utils/RRC/TrackingAreaCode.c [m
-e Compiling [31m[1m /home/hpe/o-du-l2/src/codec_utils/RRC/T-Reassembly.c [m
-e Compiling [31m[1m /home/hpe/o-du-l2/src/codec_utils/RRC/T-Reselection.c [m
-e Compiling [31m[1m /home/hpe/o-du-l2/src/codec_utils/RRC/T-StatusProhibit.c [m
-e Compiling [31m[1m /home/hpe/o-du-l2/src/codec_utils/RRC/TypeII-Codebook.c [m
-e Compiling [31m[1m /home/hpe/o-du-l2/src/codec_utils/RRC/TypeII-CodebookPortSelection.c [m
-e Compiling [31m[1m /home/hpe/o-du-l2/src/codec_utils/RRC/TypeI-MultiPanelCodebook.c [m
-e Compiling [31m[1m /home/hpe/o-du-l2/src/codec_utils/RRC/TypeI-SinglePanelCodebook.c [m
-e Compiling [31m[1m /home/hpe/o-du-l2/src/codec_utils/RRC/UAC-AccessCategory1-SelectionAssistanceInfo.c [m
-e Compiling [31m[1m /home/hpe/o-du-l2/src/codec_utils/RRC/UAC-BarringInfoSet.c [m
-e Compiling [31m[1m /home/hpe/o-du-l2/src/codec_utils/RRC/UAC-BarringInfoSetIndex.c [m
-e Compiling [31m[1m /home/hpe/o-du-l2/src/codec_utils/RRC/UAC-BarringInfoSetList.c [m
-e Compiling [31m[1m /home/hpe/o-du-l2/src/codec_utils/RRC/UAC-BarringPerCat.c [m
-e Compiling [31m[1m /home/hpe/o-du-l2/src/codec_utils/RRC/UAC-BarringPerCatList.c [m
-e Compiling [31m[1m /home/hpe/o-du-l2/src/codec_utils/RRC/UAC-BarringPerPLMN.c [m
-e Compiling [31m[1m /home/hpe/o-du-l2/src/codec_utils/RRC/UAC-BarringPerPLMN-List.c [m
-e Compiling [31m[1m /home/hpe/o-du-l2/src/codec_utils/RRC/UCI-OnPUSCH.c [m
-e Compiling [31m[1m /home/hpe/o-du-l2/src/codec_utils/RRC/UEAssistanceInformation-IEs.c [m
-e Compiling [31m[1m /home/hpe/o-du-l2/src/codec_utils/RRC/UEAssistanceInformationRrc.c [m
-e Compiling [31m[1m /home/hpe/o-du-l2/src/codec_utils/RRC/UEAssistanceInformation-v1540-IEs.c [m
-e Compiling [31m[1m /home/hpe/o-du-l2/src/codec_utils/RRC/UECapabilityEnquiry.c [m
-e Compiling [31m[1m /home/hpe/o-du-l2/src/codec_utils/RRC/UECapabilityEnquiry-IEs.c [m
-e Compiling [31m[1m /home/hpe/o-du-l2/src/codec_utils/RRC/UECapabilityInformation.c [m
-e Compiling [31m[1m /home/hpe/o-du-l2/src/codec_utils/RRC/UECapabilityInformation-IEs.c [m
-e Compiling [31m[1m /home/hpe/o-du-l2/src/codec_utils/RRC/UE-CapabilityRAT-Container.c [m
-e Compiling [31m[1m /home/hpe/o-du-l2/src/codec_utils/RRC/UE-CapabilityRAT-ContainerListRRC.c [m
-e Compiling [31m[1m /home/hpe/o-du-l2/src/codec_utils/RRC/UE-CapabilityRAT-Request.c [m
-e Compiling [31m[1m /home/hpe/o-du-l2/src/codec_utils/RRC/UE-CapabilityRAT-RequestList.c [m
-e Compiling [31m[1m /home/hpe/o-du-l2/src/codec_utils/RRC/UE-CapabilityRequestFilterNR.c [m
-e Compiling [31m[1m /home/hpe/o-du-l2/src/codec_utils/RRC/UE-MRDC-CapabilityAddFRX-Mode.c [m
-e Compiling [31m[1m /home/hpe/o-du-l2/src/codec_utils/RRC/UE-MRDC-CapabilityAddXDD-Mode.c [m
-e Compiling [31m[1m /home/hpe/o-du-l2/src/codec_utils/RRC/UE-MRDC-Capability.c [m
-e Compiling [31m[1m /home/hpe/o-du-l2/src/codec_utils/RRC/UE-NR-CapabilityAddFRX-Mode.c [m
-e Compiling [31m[1m /home/hpe/o-du-l2/src/codec_utils/RRC/UE-NR-CapabilityAddXDD-Mode.c [m
-e Compiling [31m[1m /home/hpe/o-du-l2/src/codec_utils/RRC/UE-NR-Capability.c [m
-e Compiling [31m[1m /home/hpe/o-du-l2/src/codec_utils/RRC/UERadioAccessCapabilityInformation.c [m
-e Compiling [31m[1m /home/hpe/o-du-l2/src/codec_utils/RRC/UERadioAccessCapabilityInformation-IEs.c [m
-e Compiling [31m[1m /home/hpe/o-du-l2/src/codec_utils/RRC/UERadioPagingInformation.c [m
-e Compiling [31m[1m /home/hpe/o-du-l2/src/codec_utils/RRC/UERadioPagingInformation-IEs.c [m
-e Compiling [31m[1m /home/hpe/o-du-l2/src/codec_utils/RRC/UE-TimersAndConstants.c [m
-e Compiling [31m[1m /home/hpe/o-du-l2/src/codec_utils/RRC/UL-AM-RLC.c [m
-e Compiling [31m[1m /home/hpe/o-du-l2/src/codec_utils/RRC/UL-CCCH1-Message.c [m
-e Compiling [31m[1m /home/hpe/o-du-l2/src/codec_utils/RRC/UL-CCCH1-MessageType.c [m
-e Compiling [31m[1m /home/hpe/o-du-l2/src/codec_utils/RRC/UL-CCCH-Message.c [m
-e Compiling [31m[1m /home/hpe/o-du-l2/src/codec_utils/RRC/UL-CCCH-MessageType.c [m
-e Compiling [31m[1m /home/hpe/o-du-l2/src/codec_utils/RRC/UL-DataSplitThreshold.c [m
-e Compiling [31m[1m /home/hpe/o-du-l2/src/codec_utils/RRC/UL-DCCH-Message.c [m
-e Compiling [31m[1m /home/hpe/o-du-l2/src/codec_utils/RRC/UL-DCCH-MessageType.c [m
-e Compiling [31m[1m /home/hpe/o-du-l2/src/codec_utils/RRC/ULInformationTransfer.c [m
-e Compiling [31m[1m /home/hpe/o-du-l2/src/codec_utils/RRC/ULInformationTransfer-IEs.c [m
-e Compiling [31m[1m /home/hpe/o-du-l2/src/codec_utils/RRC/UL-UM-RLC.c [m
-e Compiling [31m[1m /home/hpe/o-du-l2/src/codec_utils/RRC/UplinkConfig.c [m
-e Compiling [31m[1m /home/hpe/o-du-l2/src/codec_utils/RRC/UplinkConfigCommon.c [m
-e Compiling [31m[1m /home/hpe/o-du-l2/src/codec_utils/RRC/UplinkConfigCommonSIB.c [m
-e Compiling [31m[1m /home/hpe/o-du-l2/src/codec_utils/RRC/UplinkTxDirectCurrentBWP.c [m
-e Compiling [31m[1m /home/hpe/o-du-l2/src/codec_utils/RRC/UplinkTxDirectCurrentCell.c [m
-e Compiling [31m[1m /home/hpe/o-du-l2/src/codec_utils/RRC/UplinkTxDirectCurrentList.c [m
-e Compiling [31m[1m /home/hpe/o-du-l2/src/codec_utils/RRC/VarMeasConfig.c [m
-e Compiling [31m[1m /home/hpe/o-du-l2/src/codec_utils/RRC/VarMeasReport.c [m
-e Compiling [31m[1m /home/hpe/o-du-l2/src/codec_utils/RRC/VarMeasReportList.c [m
-e Compiling [31m[1m /home/hpe/o-du-l2/src/codec_utils/RRC/VarPendingRNA-Update.c [m
-e Compiling [31m[1m /home/hpe/o-du-l2/src/codec_utils/RRC/VarResumeMAC-Input.c [m
-e Compiling [31m[1m /home/hpe/o-du-l2/src/codec_utils/RRC/VarShortMAC-Input.c [m
-e Compiling [31m[1m /home/hpe/o-du-l2/src/codec_utils/RRC/VictimSystemType.c [m
-e Compiling [31m[1m /home/hpe/o-du-l2/src/codec_utils/RRC/ZP-CSI-RS-Resource.c [m
-e Compiling [31m[1m /home/hpe/o-du-l2/src/codec_utils/RRC/ZP-CSI-RS-ResourceId.c [m
-e Compiling [31m[1m /home/hpe/o-du-l2/src/codec_utils/RRC/ZP-CSI-RS-ResourceSet.c [m
-e Compiling [31m[1m /home/hpe/o-du-l2/src/codec_utils/RRC/ZP-CSI-RS-ResourceSetId.c [m
-e Creating Archive [31m[1m /home/hpe/o-du-l2/build/odu/lib/odu/libasn_rrc.a [m
make[1]: Leaving directory '/home/hpe/o-du-l2/build/odu'
make[1]: Entering directory '/home/hpe/o-du-l2/build/odu'
-e Compiling [31m[1m /home/hpe/o-du-l2/src/du_app//du_cell_mgr.c [m
-e Compiling [31m[1m /home/hpe/o-du-l2/src/du_app//du_cfg.c [m
-e Compiling [31m[1m /home/hpe/o-du-l2/src/du_app//du_e2ap_mgr.c [m
-e Compiling [31m[1m /home/hpe/o-du-l2/src/du_app//du_e2ap_msg_hdl.c [m
-e Compiling [31m[1m /home/hpe/o-du-l2/src/du_app//du_e2_conversions.c [m
-e Compiling [31m[1m /home/hpe/o-du-l2/src/du_app//du_egtp.c [m
-e Compiling [31m[1m /home/hpe/o-du-l2/src/du_app//du_f1ap_conversions.c [m
-e Compiling [31m[1m /home/hpe/o-du-l2/src/du_app//du_f1ap_msg_hdl.c [m
-e Compiling [31m[1m /home/hpe/o-du-l2/src/du_app//du_mgr_main.c [m
-e Compiling [31m[1m /home/hpe/o-du-l2/src/du_app//du_mgr_msg_router.c [m
-e Compiling [31m[1m /home/hpe/o-du-l2/src/du_app//du_msg_hdl.c [m
-e Compiling [31m[1m /home/hpe/o-du-l2/src/du_app//du_sctp.c [m
-e Compiling [31m[1m /home/hpe/o-du-l2/src/du_app//du_sys_info_hdl.c [m
-e Compiling [31m[1m /home/hpe/o-du-l2/src/du_app//du_tmr.c [m
-e Compiling [31m[1m /home/hpe/o-du-l2/src/du_app//du_ue_mgr.c [m
-e Compiling [31m[1m /home/hpe/o-du-l2/src/du_app//du_utils.c [m
In file included from /home/hpe/o-du-l2/src/du_app//du_e2ap_mgr.c:34:
/home/hpe/o-du-l2/src/du_app//du_utils.h:95:62: warning: backslash and newline separated by space
   95 |       DU_LOG("\n[DU UTILS] --> Gen Buffer");                 \
      |                                                               
/home/hpe/o-du-l2/src/du_app//du_e2ap_mgr.c: In function ‘e2ProcStatsRsp’:
/home/hpe/o-du-l2/src/du_app//du_e2ap_mgr.c:628:56: warning: self-comparison always evaluates to true [-Wtautological-compare]
  628 |             (ricSubscriptionInfo->requestId.instanceId == ricSubscriptionInfo->requestId.instanceId))
      |                                                        ^~
In file included from /home/hpe/o-du-l2/src/du_app//du_e2ap_msg_hdl.c:31:
/home/hpe/o-du-l2/src/du_app//du_utils.h:95:62: warning: backslash and newline separated by space
   95 |       DU_LOG("\n[DU UTILS] --> Gen Buffer");                 \
      |                                                               
In file included from /home/hpe/o-du-l2/src/du_app//du_cell_mgr.c:33:
/home/hpe/o-du-l2/src/du_app//du_utils.h:95:62: warning: backslash and newline separated by space
   95 |       DU_LOG("\n[DU UTILS] --> Gen Buffer");                 \
      |                                                               
In file included from /home/hpe/o-du-l2/src/du_app//du_egtp.c:34:
/home/hpe/o-du-l2/src/du_app//du_utils.h:95:62: warning: backslash and newline separated by space
   95 |       DU_LOG("\n[DU UTILS] --> Gen Buffer");                 \
      |                                                               
In file included from /home/hpe/o-du-l2/src/du_app//du_sys_info_hdl.c:31:
/home/hpe/o-du-l2/src/du_app//du_utils.h:95:62: warning: backslash and newline separated by space
   95 |       DU_LOG("\n[DU UTILS] --> Gen Buffer");                 \
      |                                                               
/home/hpe/o-du-l2/src/du_app//du_mgr_main.c: In function ‘commonInit’:
/home/hpe/o-du-l2/src/du_app//du_mgr_main.c:576:87: warning: unused variable ‘lwr_mac_stsk’ [-Wunused-variable]
  576 |    SSTskId du_app_stsk, egtp_stsk, sctp_stsk, rlc_ul_stsk, rlc_mac_cl_stsk, sch_stsk, lwr_mac_stsk, phy_stub_slot_ind_stsk;
      |                                                                                       ^~~~~~~~~~~~
In file included from /home/hpe/o-du-l2/src/du_app//du_utils.c:29:
/home/hpe/o-du-l2/src/du_app//du_utils.h:95:62: warning: backslash and newline separated by space
   95 |       DU_LOG("\n[DU UTILS] --> Gen Buffer");                 \
      |                                                               
In file included from /home/hpe/o-du-l2/src/du_app//du_ue_mgr.c:35:
/home/hpe/o-du-l2/src/du_app//du_utils.h:95:62: warning: backslash and newline separated by space
   95 |       DU_LOG("\n[DU UTILS] --> Gen Buffer");                 \
      |                                                               
In file included from /home/hpe/o-du-l2/src/du_app//du_mgr_msg_router.c:43:
/home/hpe/o-du-l2/src/du_app//du_utils.h:95:62: warning: backslash and newline separated by space
   95 |       DU_LOG("\n[DU UTILS] --> Gen Buffer");                 \
      |                                                               
/home/hpe/o-du-l2/src/du_app//du_ue_mgr.c: In function ‘fillDefaultInitDlBwp’:
/home/hpe/o-du-l2/src/du_app//du_ue_mgr.c:719:10: warning: ‘memset’ used with length equal to number of elements without multiplication by element size [-Wmemset-elt-size]
  719 |          memset(initDlBwp->pdcchCfg.cRSetToAddModList, 0, MAX_NUM_CRSET);
      |          ^~~~~~
/home/hpe/o-du-l2/src/du_app//du_sys_info_hdl.c: In function ‘BuildPlmnList’:
/home/hpe/o-du-l2/src/du_app//du_sys_info_hdl.c:446:25: warning: unused variable ‘ranac’ [-Wunused-variable]
  446 |    RAN_AreaCode_t     **ranac;
      |                         ^~~~~
In file included from /home/hpe/o-du-l2/src/du_app//du_sys_info_hdl.c:31:
/home/hpe/o-du-l2/src/du_app//du_sys_info_hdl.c: In function ‘BuildSib1Msg’:
/home/hpe/o-du-l2/src/du_app//du_sys_info_hdl.c:2634:54: warning: argument to ‘sizeof’ in ‘memset’ call is the same expression as the destination; did you mean to dereference it? [-Wsizeof-pointer-memaccess]
 2634 |       DU_ALLOC(sib1Msg->ue_TimersAndConstants, sizeof(sib1Msg->ue_TimersAndConstants));
      |                                                      ^
/home/hpe/o-du-l2/src/du_app//du_utils.h:71:26: note: in definition of macro ‘DU_ALLOC’
   71 |       memset(_datPtr, 0, _size);                         \
      |                          ^~~~~
In file included from /home/hpe/o-du-l2/src/du_app//du_msg_hdl.c:42:
/home/hpe/o-du-l2/src/du_app//du_utils.h:95:62: warning: backslash and newline separated by space
   95 |       DU_LOG("\n[DU UTILS] --> Gen Buffer");                 \
      |                                                               
In file included from /home/hpe/o-du-l2/src/du_app//du_cfg.c:31:
/home/hpe/o-du-l2/src/du_app//du_utils.h:95:62: warning: backslash and newline separated by space
   95 |       DU_LOG("\n[DU UTILS] --> Gen Buffer");                 \
      |                                                               
In file included from /home/hpe/o-du-l2/src/du_app//du_f1ap_msg_hdl.c:41:
/home/hpe/o-du-l2/src/du_app//du_utils.h:95:62: warning: backslash and newline separated by space
   95 |       DU_LOG("\n[DU UTILS] --> Gen Buffer");                 \
      |                                                               
At top level:
/home/hpe/o-du-l2/src/du_app//du_sys_info_hdl.c:2475:12: warning: ‘encode_to_buffer_cb’ defined but not used [-Wunused-function]
 2475 | static int encode_to_buffer_cb(const void *buffer, size_t size, void *key) {
      |            ^~~~~~~~~~~~~~~~~~~
In file included from /home/hpe/o-du-l2/src/du_app//du_sctp.c:35:
/home/hpe/o-du-l2/src/du_app//du_utils.h:95:62: warning: backslash and newline separated by space
   95 |       DU_LOG("\n[DU UTILS] --> Gen Buffer");                 \
      |                                                               
/home/hpe/o-du-l2/src/du_app//du_f1ap_msg_hdl.c: In function ‘BuildServedPlmn’:
/home/hpe/o-du-l2/src/du_app//du_f1ap_msg_hdl.c:831:41: warning: passing argument 1 of ‘BuildExtensions’ from incompatible pointer type [-Wincompatible-pointer-types]
  831 |    BuildExtensionsret = BuildExtensions(&srvplmn->list.array[0]->iE_Extensions);
      |                                         ^~~~~~~~~~~~~~~~~~~~~~~~~~~~~~~~~~~~~~
      |                                         |
      |                                         struct ProtocolExtensionContainer **
/home/hpe/o-du-l2/src/du_app//du_f1ap_msg_hdl.c:680:63: note: expected ‘ProtocolExtensionContainer_4624P3_t **’ {aka ‘struct ProtocolExtensionContainer_4624P3 **’} but argument is of type ‘struct ProtocolExtensionContainer **’
  680 | uint8_t BuildExtensions(ProtocolExtensionContainer_4624P3_t **ieExtend)
      |                         ~~~~~~~~~~~~~~~~~~~~~~~~~~~~~~~~~~~~~~^~~~~~~~
/home/hpe/o-du-l2/src/du_app//du_f1ap_msg_hdl.c: In function ‘FreeServedCellList’:
/home/hpe/o-du-l2/src/du_app//du_f1ap_msg_hdl.c:1416:12: warning: unused variable ‘extensionCnt’ [-Wunused-variable]
 1416 |    uint8_t extensionCnt = IE_EXTENSION_LIST_COUNT;
      |            ^~~~~~~~~~~~
/home/hpe/o-du-l2/src/du_app//du_f1ap_msg_hdl.c:1415:12: warning: unused variable ‘plmnCnt’ [-Wunused-variable]
 1415 |    uint8_t plmnCnt = 1;
      |            ^~~~~~~
/home/hpe/o-du-l2/src/du_app//du_f1ap_msg_hdl.c: In function ‘BuildBWPUlDedPucchCfg’:
/home/hpe/o-du-l2/src/du_app//du_f1ap_msg_hdl.c:5557:69: warning: format ‘%p’ expects argument of type ‘void *’, but argument 2 has type ‘int’ [-Wformat=]
 5557 |       printf("\n[du_app] rsrcSetCfgDb->resrcSetToAddModListCount = %p\n", rsrcSetCfgDb->resrcSetToAddModListCount);
      |                                                                    ~^     ~~~~~~~~~~~~~~~~~~~~~~~~~~~~~~~~~~~~~~~
      |                                                                     |                 |
      |                                                                     void *            int
      |                                                                    %d
/home/hpe/o-du-l2/src/du_app//du_f1ap_msg_hdl.c: In function ‘BuildAndSendInitialRrcMsgTransfer’:
/home/hpe/o-du-l2/src/du_app//du_f1ap_msg_hdl.c:9192:83: warning: format ‘%d’ expects argument of type ‘int’, but argument 2 has type ‘C_RNTI_t’ {aka ‘long int’} [-Wformat=]
 9192 |       printf("initULRRCMsg->protocolIEs.list.array[ieIdx]->value.choice.C_RNTI = %d\n",initULRRCMsg->protocolIEs.list.array[ieIdx]->value.choice.C_RNTI);
      |                                                                                  ~^    ~~~~~~~~~~~~~~~~~~~~~~~~~~~~~~~~~~~~~~~~~~~~~~~~~~~~~~~~~~~~~~~~
      |                                                                                   |                                                             |
      |                                                                                   int                                                           C_RNTI_t {aka long int}
      |                                                                                  %ld
/home/hpe/o-du-l2/src/du_app//du_f1ap_msg_hdl.c: In function ‘procF1UeContextSetupReq’:
/home/hpe/o-du-l2/src/du_app//du_f1ap_msg_hdl.c:14136:53: warning: passing argument 1 of ‘extractCuToDuRrcInfoExt’ from incompatible pointer type [-Wincompatible-pointer-types]
14136 |                   if(extractCuToDuRrcInfoExt(rrcInfo->iE_Extensions, &duUeCb->f1UeDb->duUeCfg) != ROK)
      |                                              ~~~~~~~^~~~~~~~~~~~~~~
      |                                                     |
      |                                                     struct ProtocolExtensionContainer *
/home/hpe/o-du-l2/src/du_app//du_f1ap_msg_hdl.c:13255:71: note: expected ‘ProtocolExtensionContainer_4624P16_t *’ {aka ‘struct ProtocolExtensionContainer_4624P16 *’} but argument is of type ‘struct ProtocolExtensionContainer *’
13255 | uint8_t extractCuToDuRrcInfoExt(ProtocolExtensionContainer_4624P16_t *protocolIeExtn, DuUeCfg *ueCfgDb)
      |                                 ~~~~~~~~~~~~~~~~~~~~~~~~~~~~~~~~~~~~~~^~~~~~~~~~~~~~
-e Creating Archive [31m[1m /home/hpe/o-du-l2/build/odu/lib/odu/libduapp.a [m
make[1]: Leaving directory '/home/hpe/o-du-l2/build/odu'
make[1]: Entering directory '/home/hpe/o-du-l2/build/odu'
-e Compiling [31m[1m /home/hpe/o-du-l2/src/5gnrrlc/rlc_amm_dl.c [m
-e Compiling [31m[1m /home/hpe/o-du-l2/src/5gnrrlc/rlc_amm_ul.c [m
-e Compiling [31m[1m /home/hpe/o-du-l2/src/5gnrrlc/rlc_cfg_dl.c [m
-e Compiling [31m[1m /home/hpe/o-du-l2/src/5gnrrlc/rlc_cfg_ul.c [m
-e Compiling [31m[1m /home/hpe/o-du-l2/src/5gnrrlc/rlc_dbm_dl.c [m
-e Compiling [31m[1m /home/hpe/o-du-l2/src/5gnrrlc/rlc_dbm_ul.c [m
-e Compiling [31m[1m /home/hpe/o-du-l2/src/5gnrrlc/rlc_dl_msg_router.c [m
-e Compiling [31m[1m /home/hpe/o-du-l2/src/5gnrrlc/rlc_dl_ul_inf.c [m
-e Compiling [31m[1m /home/hpe/o-du-l2/src/5gnrrlc/rlc_dl_ul_inf_dl.c [m
-e Compiling [31m[1m /home/hpe/o-du-l2/src/5gnrrlc/rlc_dl_ul_inf_ptdl.c [m
-e Compiling [31m[1m /home/hpe/o-du-l2/src/5gnrrlc/rlc_dl_ul_inf_ptul.c [m
-e Compiling [31m[1m /home/hpe/o-du-l2/src/5gnrrlc/rlc_dl_ul_inf_ul.c [m
-e Compiling [31m[1m /home/hpe/o-du-l2/src/5gnrrlc/rlc_layer_mgr.c [m
-e Compiling [31m[1m /home/hpe/o-du-l2/src/5gnrrlc/rlc_lwr_inf_api.c [m
-e Compiling [31m[1m /home/hpe/o-du-l2/src/5gnrrlc/rlc_lwr_inf_mgr.c [m
-e Compiling [31m[1m /home/hpe/o-du-l2/src/5gnrrlc/rlc_mgr.c [m
-e Compiling [31m[1m /home/hpe/o-du-l2/src/5gnrrlc/rlc_msg_hdl.c [m
-e Compiling [31m[1m /home/hpe/o-du-l2/src/5gnrrlc/rlc_portable_functions.c [m
-e Compiling [31m[1m /home/hpe/o-du-l2/src/5gnrrlc/rlc_stats.c [m
-e Compiling [31m[1m /home/hpe/o-du-l2/src/5gnrrlc/rlc_sys_id.c [m
-e Compiling [31m[1m /home/hpe/o-du-l2/src/5gnrrlc/rlc_tmm_dl.c [m
-e Compiling [31m[1m /home/hpe/o-du-l2/src/5gnrrlc/rlc_tmm_ul.c [m
-e Compiling [31m[1m /home/hpe/o-du-l2/src/5gnrrlc/rlc_tmr.c [m
-e Compiling [31m[1m /home/hpe/o-du-l2/src/5gnrrlc/rlc_ul_msg_router.c [m
-e Compiling [31m[1m /home/hpe/o-du-l2/src/5gnrrlc/rlc_umm_dl.c [m
-e Compiling [31m[1m /home/hpe/o-du-l2/src/5gnrrlc/rlc_umm_ul.c [m
-e Compiling [31m[1m /home/hpe/o-du-l2/src/5gnrrlc/rlc_upr_inf_api.c [m
-e Compiling [31m[1m /home/hpe/o-du-l2/src/5gnrrlc/rlc_upr_inf_mgr.c [m
-e Compiling [31m[1m /home/hpe/o-du-l2/src/5gnrrlc/rlc_utl_dl.c [m
-e Compiling [31m[1m /home/hpe/o-du-l2/src/5gnrrlc/rlc_utl_ul.c [m
-e Creating Archive  /home/hpe/o-du-l2/build/odu/lib/odu/libkw.a [m
make[1]: Leaving directory '/home/hpe/o-du-l2/build/odu'
make[1]: Entering directory '/home/hpe/o-du-l2/build/odu'
-e Compiling [31m[1m /home/hpe/o-du-l2/src/cm/ckw.c [m
-e Compiling [31m[1m /home/hpe/o-du-l2/src/cm/cm_bdy5.c [m
-e Compiling [31m[1m /home/hpe/o-du-l2/src/cm/cm_gen.c [m
-e Compiling [31m[1m /home/hpe/o-du-l2/src/cm/cm_hash.c [m
-e Compiling [31m[1m /home/hpe/o-du-l2/src/cm/cm_inet.c [m
-e Compiling [31m[1m /home/hpe/o-du-l2/src/cm/cm_lib.c [m
-e Compiling [31m[1m /home/hpe/o-du-l2/src/cm/cm_llist.c [m
-e Compiling [31m[1m /home/hpe/o-du-l2/src/cm/cm_lte.c [m
-e Compiling [31m[1m /home/hpe/o-du-l2/src/cm/cm_math.c [m
-e Compiling [31m[1m /home/hpe/o-du-l2/src/cm/cm_mblk.c [m
-e Compiling [31m[1m /home/hpe/o-du-l2/src/cm/cm_mem_wl.c [m
-e Compiling [31m[1m /home/hpe/o-du-l2/src/cm/cm_tenb_stats.c [m
-e Compiling [31m[1m /home/hpe/o-du-l2/src/cm/cm_tkns.c [m
-e Compiling [31m[1m /home/hpe/o-du-l2/src/cm/cm_tpt.c [m
-e Compiling [31m[1m /home/hpe/o-du-l2/src/cm/common_def.c [m
-e Compiling [31m[1m /home/hpe/o-du-l2/src/cm/crg.c [m
-e Compiling [31m[1m /home/hpe/o-du-l2/src/cm/ctf.c [m
-e Compiling [31m[1m /home/hpe/o-du-l2/src/cm/du_app_mac_inf.c [m
-e Compiling [31m[1m /home/hpe/o-du-l2/src/cm/du_app_rlc_inf.c [m
-e Compiling [31m[1m /home/hpe/o-du-l2/src/cm/kwu.c [m
-e Compiling [31m[1m /home/hpe/o-du-l2/src/cm/legtp.c [m
-e Compiling [31m[1m /home/hpe/o-du-l2/src/cm/lkw.c [m
-e Compiling [31m[1m /home/hpe/o-du-l2/src/cm/lrg.c [m
-e Compiling [31m[1m /home/hpe/o-du-l2/src/cm/lsctp.c [m
-e Compiling [31m[1m /home/hpe/o-du-l2/src/cm/mac_sch_interface.c [m
-e Compiling [31m[1m /home/hpe/o-du-l2/src/cm/rgm.c [m
-e Compiling [31m[1m /home/hpe/o-du-l2/src/cm/rgr.c [m
-e Compiling [31m[1m /home/hpe/o-du-l2/src/cm/rgu.c [m
-e Compiling [31m[1m /home/hpe/o-du-l2/src/cm/rlc_mac_inf.c [m
/home/hpe/o-du-l2/src/cm/du_app_mac_inf.c: In function ‘packMacVnfCfg’:
/home/hpe/o-du-l2/src/cm/du_app_mac_inf.c:50:17: warning: declaration of ‘mBuf’ shadows a previous local [-Wshadow]
   50 |         Buffer* mBuf = NULLP;
      |                 ^~~~
/home/hpe/o-du-l2/src/cm/du_app_mac_inf.c:46:13: note: shadowed declaration is here
   46 |     Buffer* mBuf = NULLP;
      |             ^~~~
/home/hpe/o-du-l2/src/cm/du_app_mac_inf.c:62:1: warning: control reaches end of non-void function [-Wreturn-type]
   62 | }
      | ^
-e Creating Archive [32m[1m /home/hpe/o-du-l2/build/odu/lib/odu/libcm.a [m
make[1]: Leaving directory '/home/hpe/o-du-l2/build/odu'
make[1]: Entering directory '/home/hpe/o-du-l2/build/odu'
-e Compiling [31m[1m /home/hpe/o-du-l2/src/5gnrmac/lwr_mac_ex_ms.c [m
-e Compiling [31m[1m /home/hpe/o-du-l2/src/5gnrmac/lwr_mac_fsm.c [m
-e Compiling [31m[1m /home/hpe/o-du-l2/src/5gnrmac/lwr_mac_handle_phy.c [m
-e Compiling [31m[1m /home/hpe/o-du-l2/src/5gnrmac/lwr_mac_phy.c [m
-e Compiling [31m[1m /home/hpe/o-du-l2/src/5gnrmac/lwr_mac_upr_inf.c [m
-e Compiling [31m[1m /home/hpe/o-du-l2/src/5gnrmac/lwr_mac_util.c [m
-e Compiling [31m[1m /home/hpe/o-du-l2/src/5gnrmac/mac_cfg_hdl.c [m
-e Compiling [31m[1m /home/hpe/o-du-l2/src/5gnrmac/mac_demux.c [m
-e Compiling [31m[1m /home/hpe/o-du-l2/src/5gnrmac/mac_harq_dl.c [m
-e Compiling [31m[1m /home/hpe/o-du-l2/src/5gnrmac/mac_msg_hdl.c [m
-e Compiling [31m[1m /home/hpe/o-du-l2/src/5gnrmac/mac_msg_router.c [m
-e Compiling [31m[1m /home/hpe/o-du-l2/src/5gnrmac/mac_mux.c [m
-e Compiling [31m[1m /home/hpe/o-du-l2/src/5gnrmac/mac_rach.c [m
-e Compiling [31m[1m /home/hpe/o-du-l2/src/5gnrmac/mac_slot_ind.c [m
-e Compiling [31m[1m /home/hpe/o-du-l2/src/5gnrmac/mac_stop_ind.c [m
-e Compiling [31m[1m /home/hpe/o-du-l2/src/5gnrmac/mac_tmr.c [m
-e Compiling [31m[1m /home/hpe/o-du-l2/src/5gnrmac/mac_ue_mgr.c [m
-e Compiling [31m[1m /home/hpe/o-du-l2/src/5gnrmac/mac_upr_inf_api.c [m
-e Compiling [31m[1m /home/hpe/o-du-l2/src/5gnrmac/mac_utils.c [m
-e Compiling [31m[1m /home/hpe/o-du-l2/src/5gnrmac/rg_id.c [m
-e Compiling [31m[1m /home/hpe/o-du-l2/src/5gnrmac/rg_lmm.c [m
-e Compiling [31m[1m /home/hpe/o-du-l2/src/5gnrmac/rg_ptmi.c [m
-e Compiling [31m[1m /home/hpe/o-du-l2/src/5gnrmac/rg_ptui.c [m
-e Compiling [31m[1m /home/hpe/o-du-l2/src/5gnrmac/rg_uim.c [m
-e Compiling [31m[1m /home/hpe/o-du-l2/src/5gnrmac/rg_utl.c [m
/home/hpe/o-du-l2/src/5gnrmac/lwr_mac_handle_phy.c: In function ‘SCF_procSlotInd’:
/home/hpe/o-du-l2/src/5gnrmac/lwr_mac_handle_phy.c:133:38: warning: declaration of ‘UL_INFO’ shadows a global declaration [-Wshadow]
  133 | uint8_t SCF_procSlotInd(NR_UL_IND_t *UL_INFO)
      |                         ~~~~~~~~~~~~~^~~~~~~
In file included from /home/hpe/o-du-l2/src/5gnrmac/lwr_mac_handle_phy.c:20:
/home/hpe/o-du-l2/src/cm/common_def.h:397:13: note: shadowed declaration is here
  397 | NR_UL_IND_t UL_INFO;
      |             ^~~~~~~
/home/hpe/o-du-l2/src/5gnrmac/lwr_mac_handle_phy.c: In function ‘SCF_procRxDataInd’:
/home/hpe/o-du-l2/src/5gnrmac/lwr_mac_handle_phy.c:185:18: warning: unused variable ‘ret’ [-Wunused-variable]
  185 |    uint8_t       ret;
      |                  ^~~
/home/hpe/o-du-l2/src/5gnrmac/lwr_mac_handle_phy.c: In function ‘SCF_procCrcInd’:
/home/hpe/o-du-l2/src/5gnrmac/lwr_mac_handle_phy.c:244:29: warning: unused variable ‘ret’ [-Wunused-variable]
  244 |    uint8_t      crcInfoIdx, ret;
      |                             ^~~
/home/hpe/o-du-l2/src/5gnrmac/lwr_mac_handle_phy.c: In function ‘SCF_procRachInd’:
/home/hpe/o-du-l2/src/5gnrmac/lwr_mac_handle_phy.c:431:17: warning: unused variable ‘ret’ [-Wunused-variable]
  431 |    uint8_t      ret = ROK;
      |                 ^~~
/home/hpe/o-du-l2/src/5gnrmac/lwr_mac_util.c: In function ‘fillDlDciPayload’:
/home/hpe/o-du-l2/src/5gnrmac/lwr_mac_util.c:109:12: warning: variable ‘temp’ set but not used [-Wunused-but-set-variable]
  109 |    uint8_t temp;
      |            ^~~~
/home/hpe/o-du-l2/src/5gnrmac/lwr_mac_fsm.c: In function ‘fillCCEmaping’:
/home/hpe/o-du-l2/src/5gnrmac/lwr_mac_fsm.c:507:56: warning: bitwise comparison always evaluates to false [-Wtautological-compare]
  507 |    else if((value & FAPI_CCE_MAPPING_INTERLEAVED_MASK) == FAPI_CCE_MAPPING_NONINTERLVD_MASK)
      |                                                        ^~
/home/hpe/o-du-l2/src/5gnrmac/lwr_mac_fsm.c: In function ‘lwr_mac_procConfigReqEvt’:
/home/hpe/o-du-l2/src/5gnrmac/lwr_mac_fsm.c:2298:22: warning: assignment to ‘ORAN_OAI_fapi_config_req_t *’ {aka ‘struct <anonymous> *’} from incompatible pointer type ‘fapi_config_req_t *’ {aka ‘struct <anonymous> *’} [-Wincompatible-pointer-types]
 2298 |    intgr_fapi_config = configReq;
      |                      ^
/home/hpe/o-du-l2/src/5gnrmac/lwr_mac_fsm.c:2058:29: warning: unused variable ‘headerElem’ [-Wunused-variable]
 2058 |    p_fapi_api_queue_elem_t  headerElem;
      |                             ^~~~~~~~~~
/home/hpe/o-du-l2/src/5gnrmac/lwr_mac_fsm.c:2057:23: warning: unused variable ‘msgHeader’ [-Wunused-variable]
 2057 |    fapi_msg_header_t *msgHeader;
      |                       ^~~~~~~~~
/home/hpe/o-du-l2/src/5gnrmac/lwr_mac_fsm.c: In function ‘OAI_OSC_fillPdcchPdu’:
/home/hpe/o-du-l2/src/5gnrmac/lwr_mac_fsm.c:3877:10: warning: implicit declaration of function ‘OAI_OSC_fillSib1DlDciPdu’; did you mean ‘OAI_OSC_fillPdcchPdu’? [-Wimplicit-function-declaration]
 3877 |          OAI_OSC_fillSib1DlDciPdu(dlTtiReqPdu->pdcch_pdu.pdcch_pdu_rel15.dci_pdu, pdcchInfo);
      |          ^~~~~~~~~~~~~~~~~~~~~~~~
      |          OAI_OSC_fillPdcchPdu
/home/hpe/o-du-l2/src/5gnrmac/lwr_mac_fsm.c:3883:10: warning: implicit declaration of function ‘OAI_OSC_fillRarDlDciPdu’; did you mean ‘OAI_OSC_fillPdcchPdu’? [-Wimplicit-function-declaration]
 3883 |          OAI_OSC_fillRarDlDciPdu(dlTtiReqPdu->pdcch_pdu.pdcch_pdu_rel15.dci_pdu, pdcchInfo);
      |          ^~~~~~~~~~~~~~~~~~~~~~~
      |          OAI_OSC_fillPdcchPdu
/home/hpe/o-du-l2/src/5gnrmac/lwr_mac_fsm.c:3889:10: warning: implicit declaration of function ‘OAI_OSC_fillDlMsgDlDciPdu’; did you mean ‘fillDlMsgDlDciPdu’? [-Wimplicit-function-declaration]
 3889 |          OAI_OSC_fillDlMsgDlDciPdu(dlTtiReqPdu->pdcch_pdu.pdcch_pdu_rel15.dci_pdu, pdcchInfo,\
      |          ^~~~~~~~~~~~~~~~~~~~~~~~~
      |          fillDlMsgDlDciPdu
/home/hpe/o-du-l2/src/5gnrmac/lwr_mac_fsm.c: In function ‘OAI_OSC_fillPrachPdu’:
/home/hpe/o-du-l2/src/5gnrmac/lwr_mac_fsm.c:4035:7: warning: implicit declaration of function ‘setNumCs’ [-Wimplicit-function-declaration]
 4035 |       setNumCs(&ulTtiReqPdu->prach_pdu.num_cs, macCellCfg);
      |       ^~~~~~~~
/home/hpe/o-du-l2/src/5gnrmac/lwr_mac_fsm.c: In function ‘OAI_OSC_fillUlDciPdcchPdu’:
/home/hpe/o-du-l2/src/5gnrmac/lwr_mac_fsm.c:4207:7: warning: implicit declaration of function ‘OAI_OSC_fillUlDciPdu’; did you mean ‘OAI_OSC_fillUlDciReq’? [-Wimplicit-function-declaration]
 4207 |       OAI_OSC_fillUlDciPdu(ulDciReqPdu->pdcch_pdu.pdcch_pdu_rel15.dci_pdu, dlInfo->ulGrant);
      |       ^~~~~~~~~~~~~~~~~~~~
      |       OAI_OSC_fillUlDciReq
/home/hpe/o-du-l2/src/5gnrmac/lwr_mac_fsm.c: At top level:
/home/hpe/o-du-l2/src/5gnrmac/lwr_mac_fsm.c:4428:6: warning: conflicting types for ‘OAI_OSC_fillSib1DlDciPdu’
 4428 | void OAI_OSC_fillSib1DlDciPdu(nfapi_nr_dl_dci_pdu_t *dlDciPtr, PdcchCfg *sib1PdcchInfo)
      |      ^~~~~~~~~~~~~~~~~~~~~~~~
/home/hpe/o-du-l2/src/5gnrmac/lwr_mac_fsm.c:3877:10: note: previous implicit declaration of ‘OAI_OSC_fillSib1DlDciPdu’ was here
 3877 |          OAI_OSC_fillSib1DlDciPdu(dlTtiReqPdu->pdcch_pdu.pdcch_pdu_rel15.dci_pdu, pdcchInfo);
      |          ^~~~~~~~~~~~~~~~~~~~~~~~
/home/hpe/o-du-l2/src/5gnrmac/lwr_mac_fsm.c:4566:6: warning: conflicting types for ‘OAI_OSC_fillRarDlDciPdu’
 4566 | void OAI_OSC_fillRarDlDciPdu(nfapi_nr_dl_dci_pdu_t *dlDciPtr, PdcchCfg *rarPdcchInfo)
      |      ^~~~~~~~~~~~~~~~~~~~~~~
/home/hpe/o-du-l2/src/5gnrmac/lwr_mac_fsm.c:3883:10: note: previous implicit declaration of ‘OAI_OSC_fillRarDlDciPdu’ was here
 3883 |          OAI_OSC_fillRarDlDciPdu(dlTtiReqPdu->pdcch_pdu.pdcch_pdu_rel15.dci_pdu, pdcchInfo);
      |          ^~~~~~~~~~~~~~~~~~~~~~~
/home/hpe/o-du-l2/src/5gnrmac/lwr_mac_fsm.c:4694:6: warning: conflicting types for ‘OAI_OSC_fillDlMsgDlDciPdu’
 4694 | void OAI_OSC_fillDlMsgDlDciPdu(nfapi_nr_dl_dci_pdu_t *dlDciPtr, PdcchCfg *pdcchInfo,\
      |      ^~~~~~~~~~~~~~~~~~~~~~~~~
/home/hpe/o-du-l2/src/5gnrmac/lwr_mac_fsm.c:3889:10: note: previous implicit declaration of ‘OAI_OSC_fillDlMsgDlDciPdu’ was here
 3889 |          OAI_OSC_fillDlMsgDlDciPdu(dlTtiReqPdu->pdcch_pdu.pdcch_pdu_rel15.dci_pdu, pdcchInfo,\
      |          ^~~~~~~~~~~~~~~~~~~~~~~~~
/home/hpe/o-du-l2/src/5gnrmac/lwr_mac_fsm.c:4874:6: warning: conflicting types for ‘OAI_OSC_fillUlDciPdu’
 4874 | void OAI_OSC_fillUlDciPdu(nfapi_nr_dl_dci_pdu_t *ulDciPtr, DciInfo *schDciInfo)
      |      ^~~~~~~~~~~~~~~~~~~~
/home/hpe/o-du-l2/src/5gnrmac/lwr_mac_fsm.c:4207:7: note: previous implicit declaration of ‘OAI_OSC_fillUlDciPdu’ was here
 4207 |       OAI_OSC_fillUlDciPdu(ulDciReqPdu->pdcch_pdu.pdcch_pdu_rel15.dci_pdu, dlInfo->ulGrant);
      |       ^~~~~~~~~~~~~~~~~~~~
/home/hpe/o-du-l2/src/5gnrmac/lwr_mac_fsm.c: In function ‘OAI_OSC_fillDlTtiReq’:
/home/hpe/o-du-l2/src/5gnrmac/lwr_mac_fsm.c:5924:14: warning: unused variable ‘retval’ [-Wunused-variable]
 5924 |          int retval = nfapi_vnf_p7_nr_dl_config_req(p7_config, dlTtiReq);
      |              ^~~~~~
/home/hpe/o-du-l2/src/5gnrmac/lwr_mac_fsm.c: At top level:
/home/hpe/o-du-l2/src/5gnrmac/lwr_mac_fsm.c:6142:6: warning: conflicting types for ‘setNumCs’
 6142 | void setNumCs(uint16_t *numCs, MacCellCfg *macCellCfg)
      |      ^~~~~~~~
/home/hpe/o-du-l2/src/5gnrmac/lwr_mac_fsm.c:4035:7: note: previous implicit declaration of ‘setNumCs’ was here
 4035 |       setNumCs(&ulTtiReqPdu->prach_pdu.num_cs, macCellCfg);
      |       ^~~~~~~~
/home/hpe/o-du-l2/src/5gnrmac/lwr_mac_fsm.c: In function ‘OAI_OSC_fillUlTtiReq’:
/home/hpe/o-du-l2/src/5gnrmac/lwr_mac_fsm.c:6501:41: warning: conversion from ‘long unsigned int’ to ‘uint16_t’ {aka ‘short unsigned int’} changes value from ‘91888’ to ‘26352’ [-Woverflow]
 6501 |       ulTtiReq->header.message_length = sizeof(nfapi_nr_ul_tti_request_t);
      |                                         ^~~~~~
/home/hpe/o-du-l2/src/5gnrmac/lwr_mac_fsm.c: In function ‘OAI_OSC_fillUlDciReq’:
/home/hpe/o-du-l2/src/5gnrmac/lwr_mac_fsm.c:6611:17: warning: unused variable ‘retval’ [-Wunused-variable]
 6611 |             int retval = nfapi_vnf_p7_ul_dci_req(p7_config, ulDciReq);
      |                 ^~~~~~
/home/hpe/o-du-l2/src/5gnrmac/lwr_mac_fsm.c: In function ‘OAI_OSC_sendTxDataReq’:
/home/hpe/o-du-l2/src/5gnrmac/lwr_mac_fsm.c:6720:14: warning: unused variable ‘retval’ [-Wunused-variable]
 6720 |          int retval = nfapi_vnf_p7_tx_data_req(p7_config, txDataReq);
      |              ^~~~~~
/home/hpe/o-du-l2/src/5gnrmac/lwr_mac_fsm.c: In function ‘intgr_lwr_mac_procVnfCfgStartEvt’:
/home/hpe/o-du-l2/src/5gnrmac/lwr_mac_fsm.c:7075:44: warning: passing argument 3 of ‘pthread_create’ from incompatible pointer type [-Wincompatible-pointer-types]
 7075 |    pthread_create(&vnf_start_thread, NULL, &nfapi_nr_vnf_start, glb_config);
      |                                            ^~~~~~~~~~~~~~~~~~~
      |                                            |
      |                                            int (*)(nfapi_vnf_config_t *) {aka int (*)(struct nfapi_vnf_config *)}
In file included from /home/hpe/o-du-l2/src/mt/ss_dep.h:58,
                 from /home/hpe/o-du-l2/src/cm/ssi.h:1885,
                 from /home/hpe/o-du-l2/src/cm/common_def.h:33,
                 from /home/hpe/o-du-l2/src/5gnrmac/lwr_mac_fsm.c:21:
/usr/include/pthread.h:204:15: note: expected ‘void * (*)(void *)’ but argument is of type ‘int (*)(nfapi_vnf_config_t *)’ {aka ‘int (*)(struct nfapi_vnf_config *)’}
  204 |       void *(*__start_routine) (void *),
      |       ~~~~~~~~^~~~~~~~~~~~~~~~~~~~~~~~~
-e Creating Archive [32m[1m /home/hpe/o-du-l2/build/odu/lib/odu/librg.a [m
make[1]: Leaving directory '/home/hpe/o-du-l2/build/odu'
make[1]: Entering directory '/home/hpe/o-du-l2/build/odu'
-e Compiling [31m[1m /home/hpe/o-du-l2/src/5gnrsch/sch.c [m
-e Compiling [31m[1m /home/hpe/o-du-l2/src/5gnrsch/sch_common.c [m
-e Compiling [31m[1m /home/hpe/o-du-l2/src/5gnrsch/sch_crc.c [m
-e Compiling [31m[1m /home/hpe/o-du-l2/src/5gnrsch/sch_drx.c [m
-e Compiling [31m[1m /home/hpe/o-du-l2/src/5gnrsch/sch_fcfs.c [m
-e Compiling [31m[1m /home/hpe/o-du-l2/src/5gnrsch/sch_harq_dl.c [m
-e Compiling [31m[1m /home/hpe/o-du-l2/src/5gnrsch/sch_harq_ul.c [m
-e Compiling [31m[1m /home/hpe/o-du-l2/src/5gnrsch/sch_msg_router.c [m
-e Compiling [31m[1m /home/hpe/o-du-l2/src/5gnrsch/sch_rach.c [m
-e Compiling [31m[1m /home/hpe/o-du-l2/src/5gnrsch/sch_slice_based.c [m
-e Compiling [31m[1m /home/hpe/o-du-l2/src/5gnrsch/sch_slot_ind.c [m
-e Compiling [31m[1m /home/hpe/o-du-l2/src/5gnrsch/sch_tmr.c [m
-e Compiling [31m[1m /home/hpe/o-du-l2/src/5gnrsch/sch_ue_mgr.c [m
-e Compiling [31m[1m /home/hpe/o-du-l2/src/5gnrsch/sch_utils.c [m
/home/hpe/o-du-l2/src/5gnrsch/sch_common.c: In function ‘schDlRsrcAllocMsg4’:
/home/hpe/o-du-l2/src/5gnrsch/sch_common.c:596:12: warning: unused variable ‘dmrsStartSymbol’ [-Wunused-variable]
  596 |    uint8_t dmrsStartSymbol = 0, startSymbol = 0, numSymbol = 0;
      |            ^~~~~~~~~~~~~~~
/home/hpe/o-du-l2/src/5gnrsch/sch_rach.c: In function ‘schFillRar’:
/home/hpe/o-du-l2/src/5gnrsch/sch_rach.c:901:13: warning: unused variable ‘tbSize’ [-Wunused-variable]
  901 |    uint16_t tbSize = 0;
      |             ^~~~~~
/home/hpe/o-du-l2/src/5gnrsch/sch_rach.c:899:13: warning: unused variable ‘dmrsStartSymbol’ [-Wunused-variable]
  899 |    uint8_t  dmrsStartSymbol, startSymbol, numSymbol ;
      |             ^~~~~~~~~~~~~~~
/home/hpe/o-du-l2/src/5gnrsch/sch.c: In function ‘fillSchSib1Cfg’:
/home/hpe/o-du-l2/src/5gnrsch/sch.c:599:13: warning: unused variable ‘tbSize’ [-Wunused-variable]
  599 |    uint16_t tbSize = 0;
      |             ^~~~~~
/home/hpe/o-du-l2/src/5gnrsch/sch.c:592:12: warning: variable ‘offset’ set but not used [-Wunused-but-set-variable]
  592 |    uint8_t offset = 0;
      |            ^~~~~~
/home/hpe/o-du-l2/src/5gnrsch/sch_utils.c: In function ‘schCalcNumPrb_withDmrs’:
/home/hpe/o-du-l2/src/5gnrsch/sch_utils.c:1084:13: warning: unused variable ‘nre’ [-Wunused-variable]
 1084 |    uint16_t nre = 0;
      |             ^~~
/home/hpe/o-du-l2/src/5gnrsch/sch.c: In function ‘SchProcCellCfgReq’:
/home/hpe/o-du-l2/src/5gnrsch/sch.c:813:12: warning: variable ‘offset’ set but not used [-Wunused-but-set-variable]
  813 |    uint8_t offset = 0;
      |            ^~~~~~
/home/hpe/o-du-l2/src/5gnrsch/sch_rach.c:1032:8: warning: ‘numSymbol’ may be used uninitialized in this function [-Wmaybe-uninitialized]
 1032 |    if((allocatePrbDl(cell, rarTime, startSymbol, numSymbol,\
      |       ~^~~~~~~~~~~~~~~~~~~~~~~~~~~~~~~~~~~~~~~~~~~~~~~~~~~~~
 1033 |       &pdsch->pdschFreqAlloc.startPrb, pdsch->pdschFreqAlloc.numPrb)) != ROK)
      |       ~~~~~~~~~~~~~~~~~~~~~~~~~~~~~~~~~~~~~~~~~~~~~~~~~~~~~~~~~~~~~~~
/home/hpe/o-du-l2/src/5gnrsch/sch_rach.c:1032:8: warning: ‘startSymbol’ may be used uninitialized in this function [-Wmaybe-uninitialized]
-e Creating Archive [32m[1m /home/hpe/o-du-l2/build/odu/lib/odu/librg.a [m
make[1]: Leaving directory '/home/hpe/o-du-l2/build/odu'
make[1]: Entering directory '/home/hpe/o-du-l2/build/odu'
-e Compiling [31m[1m /home/hpe/o-du-l2/src/mt/mt_ss.c [m
-e Compiling [31m[1m /home/hpe/o-du-l2/src/mt/ss_drvr.c [m
-e Compiling [31m[1m /home/hpe/o-du-l2/src/mt/ss_gen.c [m
-e Compiling [31m[1m /home/hpe/o-du-l2/src/mt/ss_mem.c [m
-e Compiling [31m[1m /home/hpe/o-du-l2/src/mt/ss_msg.c [m
-e Compiling [31m[1m /home/hpe/o-du-l2/src/mt/ss_pack.c [m
-e Compiling [31m[1m /home/hpe/o-du-l2/src/mt/ss_queue.c [m
-e Compiling [31m[1m /home/hpe/o-du-l2/src/mt/ss_rbuf.c [m
-e Compiling [31m[1m /home/hpe/o-du-l2/src/mt/ss_strm.c [m
-e Compiling [31m[1m /home/hpe/o-du-l2/src/mt/ss_task.c [m
-e Compiling [31m[1m /home/hpe/o-du-l2/src/mt/ss_timer.c [m
/home/hpe/o-du-l2/src/mt/ss_msg.c: In function ‘SPrntMsg’:
/home/hpe/o-du-l2/src/mt/ss_msg.c:5395:9: warning: variable ‘reg’ set but not used [-Wunused-but-set-variable]
 5395 |    Data reg =0;
      |         ^~~
make[1]: Leaving directory '/home/hpe/o-du-l2/build/odu'
make[1]: Entering directory '/home/hpe/o-du-l2/build/odu'
-e Compiling [31m[1m /home/hpe/o-du-l2/src/phy_stub//phy_stub_ex_ms.c [m
-e Compiling [31m[1m /home/hpe/o-du-l2/src/phy_stub//phy_stub_msg_hdl.c [m
-e Compiling [31m[1m /home/hpe/o-du-l2/src/phy_stub//phy_stub_thread_hdl.c [m
-e Creating Archive [31m[1m /home/hpe/o-du-l2/build/odu/lib/odu/libphystub.a [m
make[1]: Leaving directory '/home/hpe/o-du-l2/build/odu'
-e ***** BUILD COMPLETE *****
